experiment,window_index,window_start_s,window_end_s,sample_count,has_signal,consecutive_empty_windows,sample_count_15s,sample_count_30s,mean_rssi,std_rssi,min_rssi,max_rssi,median_rssi,rssi_range,rssi_delta,mean_interval_ms,std_interval_ms,max_interval_ms,first_seen_offset_s,last_seen_gap_s,sample_count_ratio,rssi_drop_from_baseline,rssi_slope,physical_state,run_id,session
near_1,0,0,5,30,1,0,,,-43.13333333333333,1.3597385369580761,-46.0,-41.0,-43.0,5.0,4.0,167.13793103448276,105.23003509157714,525.0,0.0,0.153,,,,PRESENT,near_1,normal_1
near_1,1,5,10,34,1,0,,,-47.14705882352941,6.0978894754958715,-56.0,-41.0,-43.0,15.0,-13.0,151.02941176470588,73.62284064310383,419.0,0.266,0.018,1.1333333333333333,-4.01372549019608,-0.8027450980392189,PRESENT,near_1,normal_1
near_1,2,10,15,29,1,0,93.0,,-51.0,3.227040920634301,-56.0,-47.0,-49.0,9.0,5.0,162.89655172413794,87.86523569240458,433.0,0.191,0.294,0.90625,-5.859803921568627,-0.7866666666666665,PRESENT,near_1,normal_1
near_1,3,15,20,30,1,0,93.0,,-49.93333333333333,1.8607047649270485,-52.0,-44.0,-51.0,8.0,-1.0,168.43333333333334,121.18407027695054,744.0,0.45,0.241,1.0,-2.786274509803917,-0.27862745098039193,PRESENT,near_1,normal_1
near_1,4,20,25,27,1,0,86.0,,-58.370370370370374,5.341300633311926,-75.0,-48.0,-59.0,27.0,2.0,187.59259259259258,109.66928712143117,537.0,0.078,0.176,0.9,-9.830174291939002,-0.7370370370370367,PRESENT,near_1,normal_1
near_1,5,25,30,32,1,0,89.0,182.0,-46.8125,0.7680128579652817,-49.0,-46.0,-47.0,3.0,1.0,160.875,99.76965658455481,427.0,0.031,0.028,1.0666666666666667,3.12083333333333,0.31208333333333294,PRESENT,near_1,normal_1
near_1,6,30,35,28,1,0,87.0,180.0,-55.07142857142857,7.497278417763968,-68.0,-47.0,-50.5,21.0,-18.0,179.07142857142858,105.80437763405922,422.0,0.076,0.014,0.9333333333333333,-6.531232492997198,0.3298941798941802,PRESENT,near_1,normal_1
near_1,7,35,40,31,1,0,91.0,177.0,-52.16129032258065,8.519793932815997,-68.0,-46.0,-47.0,22.0,19.0,158.6451612903226,102.90068760141963,518.0,0.092,0.096,1.0333333333333334,-3.621094244149276,-0.5348790322580639,PRESENT,near_1,normal_1
near_1,8,40,45,33,1,0,92.0,181.0,-48.60606060606061,1.739721223564524,-52.0,-45.0,-49.0,7.0,-2.0,152.87878787878788,81.88008881275904,425.0,0.006,0.051,1.1,-0.06586452762923756,0.6465367965367974,PRESENT,near_1,normal_1
near_1,9,45,50,24,1,0,88.0,175.0,-60.375,10.578328869281133,-81.0,-45.0,-63.5,36.0,14.0,209.875,190.08513717542462,1063.0,0.164,0.014,0.8,-11.834803921568628,-0.8213709677419347,PRESENT,near_1,normal_1
near_1,10,50,55,28,1,0,85.0,176.0,-47.357142857142854,1.2309777099724348,-50.0,-45.0,-47.0,5.0,-1.0,161.57142857142858,100.96513845715992,432.0,0.198,0.49,0.9333333333333333,1.1830532212885174,0.1248917748917748,PRESENT,near_1,normal_1
near_1,11,55,60,30,1,0,82.0,174.0,-56.8,6.425988899253821,-76.0,-49.0,-57.0,27.0,-8.0,182.4,119.08641120351781,532.0,0.038,0.018,1.0,-8.259803921568626,0.3575000000000017,PRESENT,near_1,normal_1
near_1,12,60,65,29,1,0,87.0,175.0,-47.96551724137931,5.480264017178241,-62.0,-44.0,-45.0,18.0,11.0,166.72413793103448,108.38179531310283,426.0,0.088,0.183,0.9666666666666667,0.5746788370520619,-0.060837438423645404,PRESENT,near_1,normal_1
near_1,13,65,70,31,1,0,90.0,175.0,-48.0,3.8015277064919317,-58.0,-44.0,-47.0,14.0,-12.0,165.74193548387098,118.18437420374711,624.0,0.133,0.045,1.0333333333333334,0.5401960784313715,0.8799999999999979,PRESENT,near_1,normal_1
near_1,14,70,75,35,1,0,95.0,177.0,-53.8,5.252482406307653,-58.0,-43.0,-56.0,15.0,13.0,143.88571428571427,83.50116215737751,522.0,0.059,0.009,1.1666666666666667,-5.259803921568626,-0.5834482758620694,PRESENT,near_1,normal_1
near_1,15,75,80,32,1,0,98.0,185.0,-44.0625,1.7842628029525247,-47.0,-42.0,-43.5,5.0,-1.0,155.34375,101.87020214929143,530.0,0.098,0.038,1.0666666666666667,4.4776960784313715,0.3937499999999977,PRESENT,near_1,normal_1
near_1,16,80,85,25,1,0,92.0,182.0,-54.8,8.76812408671319,-66.0,-45.0,-56.0,21.0,-18.0,176.44,103.24498244466895,423.0,0.166,0.627,0.8333333333333334,-6.259803921568626,-0.09999999999999724,PRESENT,near_1,normal_1
near_1,17,85,90,30,1,0,87.0,182.0,-52.766666666666666,8.405091049807584,-79.0,-49.0,-50.0,30.0,12.0,182.3,143.21455931573436,841.0,0.214,0.158,1.0,-4.226470588235294,-0.870416666666669,PRESENT,near_1,normal_1
near_1,18,90,95,26,1,0,81.0,179.0,-56.53846153846154,5.300440977523759,-69.0,-52.0,-55.0,17.0,-14.0,178.6153846153846,115.52657933369436,521.0,0.06,0.514,0.8666666666666667,-7.998265460030169,-0.17384615384615498,PRESENT,near_1,normal_1
near_1,19,95,100,21,1,0,77.0,169.0,-61.857142857142854,11.756601850655226,-88.0,-49.0,-68.0,39.0,19.0,260.0952380952381,186.6021754484287,731.0,0.217,0.052,0.7,-13.316946778711483,-0.9090476190476185,PRESENT,near_1,normal_1
near_1,20,100,105,32,1,0,79.0,166.0,-51.875,1.7455300054711176,-55.0,-49.0,-53.0,6.0,-4.0,154.65625,83.24797646752442,424.0,0.054,0.103,1.0666666666666667,-3.3348039215686285,0.4663461538461609,PRESENT,near_1,normal_1
near_1,21,105,110,28,1,0,81.0,162.0,-61.07142857142857,6.227408148250599,-72.0,-53.0,-61.0,19.0,-7.0,181.75,131.9860991057121,756.0,0.007,0.014,0.9333333333333333,-12.531232492997198,0.07857142857142527,PRESENT,near_1,normal_1
near_1,22,110,115,31,1,0,91.0,168.0,-46.903225806451616,5.461624706338071,-61.0,-43.0,-45.0,18.0,17.0,160.58064516129033,88.9968372738327,427.0,0.094,0.036,1.0333333333333334,1.6369702719797559,0.49717741935484233,PRESENT,near_1,normal_1
near_1,23,115,120,35,1,0,94.0,173.0,-46.885714285714286,6.488545637490416,-62.0,-43.0,-44.0,19.0,-14.0,137.9142857142857,74.08002292061178,417.0,0.066,0.209,1.1666666666666667,1.6544817927170854,1.4185714285714341,PRESENT,near_1,normal_1
near_1,24,120,125,35,1,0,101.0,182.0,-51.31428571428572,6.046351573216594,-60.0,-43.0,-54.0,17.0,9.0,148.17142857142858,71.52361676468858,316.0,0.001,0.023,1.1666666666666667,-2.774089635854345,-0.44110599078340823,PRESENT,near_1,normal_1
near_1,25,125,130,27,1,0,97.0,188.0,-47.74074074074074,2.8750857326037553,-53.0,-44.0,-48.0,9.0,-5.0,183.03703703703704,108.89324758220148,526.0,0.074,0.081,0.9,0.799455337690631,-0.08550264550264619,PRESENT,near_1,normal_1
near_1,26,130,135,29,1,0,91.0,185.0,-57.37931034482759,2.8456111773486565,-61.0,-49.0,-58.0,12.0,-9.0,172.79310344827587,111.48507842333998,522.0,0.128,0.07,0.9666666666666667,-8.839114266396216,-0.6065024630541891,PRESENT,near_1,normal_1
near_1,27,135,140,31,1,0,87.0,188.0,-44.96774193548387,2.811082571488302,-59.0,-43.0,-44.0,16.0,12.0,162.51612903225808,93.32802744940159,428.0,0.038,0.032,1.0333333333333334,3.5724541429474996,0.27729988052569327,PRESENT,near_1,normal_1
near_1,28,140,145,33,1,0,93.0,190.0,-52.06060606060606,5.192882039399199,-64.0,-46.0,-50.0,18.0,-7.0,152.15151515151516,110.13906394551947,626.0,0.075,0.011,1.1,-3.520409982174691,0.5318704284221533,PRESENT,near_1,normal_1
near_1,29,145,150,28,1,0,92.0,183.0,-55.714285714285715,7.347774895733221,-72.0,-47.0,-53.5,25.0,7.0,176.92857142857142,116.7380855258681,530.0,0.095,0.057,0.9333333333333333,-7.174089635854344,-1.0746543778801905,PRESENT,near_1,normal_1
near_1,30,150,155,34,1,0,95.0,182.0,-48.911764705882355,1.2215623327820697,-51.0,-46.0,-49.0,5.0,-3.0,132.44117647058823,64.38221857938845,320.0,0.05,0.554,1.1333333333333333,-0.3715686274509835,0.31488413547237215,PRESENT,near_1,normal_1
near_1,31,155,160,32,1,0,94.0,187.0,-62.0,4.930770730829005,-67.0,-50.0,-63.5,17.0,-17.0,156.8125,111.80128507199727,631.0,0.077,0.536,1.0666666666666667,-13.459803921568628,-0.6285714285714261,PRESENT,near_1,normal_1
near_1,32,160,165,31,1,0,97.0,189.0,-47.354838709677416,2.008825480895518,-51.0,-46.0,-46.0,5.0,-5.0,175.93548387096774,121.43070119417001,636.0,0.1,0.082,1.0333333333333334,1.1853573687539551,0.15569259962049473,PRESENT,near_1,normal_1
near_1,33,165,170,33,1,0,96.0,191.0,-51.333333333333336,2.888500362373933,-59.0,-46.0,-51.0,13.0,-3.0,150.24242424242425,76.67366119728322,410.0,0.019,0.124,1.1,-2.793137254901964,1.066666666666669,PRESENT,near_1,normal_1
near_1,34,170,175,35,1,0,99.0,193.0,-52.82857142857143,7.9119645900035085,-72.0,-43.0,-51.0,29.0,6.0,146.0857142857143,57.703860444549825,316.0,0.084,0.011,1.1666666666666667,-4.288375350140058,-0.5473732718894014,PRESENT,near_1,normal_1
near_1,35,175,180,33,1,0,101.0,198.0,-50.27272727272727,1.8792765737834731,-54.0,-47.0,-50.0,7.0,-1.0,149.87878787878788,91.21162790564276,431.0,0.092,0.065,1.1,-1.7325311942959019,0.10606060606060785,PRESENT,near_1,normal_1
near_1,36,180,185,28,1,0,96.0,192.0,-64.0,8.267837858663102,-70.0,-46.0,-68.0,24.0,21.0,180.46428571428572,121.45030792846254,538.0,0.25,0.012,0.9333333333333333,-15.459803921568628,-1.1171428571428559,PRESENT,near_1,normal_1
near_1,37,185,190,29,1,0,90.0,189.0,-48.758620689655174,2.38754198249845,-54.0,-45.0,-48.0,9.0,-7.0,170.06896551724137,108.59190642174563,530.0,0.088,0.08,0.9666666666666667,-0.21842461122380286,0.15141065830720385,PRESENT,near_1,normal_1
near_1,38,190,195,36,1,0,93.0,194.0,-53.80555555555556,4.241458373696772,-58.0,-46.0,-57.0,12.0,-6.0,140.58333333333334,78.92133037961847,421.0,0.027,0.019,1.2,-5.265359477124186,1.0194444444444426,PRESENT,near_1,normal_1
near_1,39,195,200,36,1,0,101.0,197.0,-48.05555555555556,5.163678944988116,-57.0,-43.0,-46.0,14.0,11.0,136.72222222222223,52.89014354254125,307.0,0.182,0.097,1.2,0.4846405228758144,0.0703065134099571,PRESENT,near_1,normal_1
near_1,40,200,205,36,1,0,108.0,198.0,-46.47222222222222,2.1014031173785757,-53.0,-43.0,-46.0,10.0,-8.0,139.36111111111111,65.78422336099953,320.0,0.009,0.08,1.2,2.06797385620915,0.7333333333333347,PRESENT,near_1,normal_1
near_1,41,205,210,30,1,0,102.0,195.0,-50.1,3.003886371574886,-52.0,-44.0,-52.0,8.0,8.0,166.96666666666667,80.45432796866113,420.0,0.028,0.071,1.0,-1.55980392156863,-0.20444444444444396,PRESENT,near_1,normal_1
near_1,42,210,215,30,1,0,96.0,197.0,-45.666666666666664,1.5986105077709065,-49.0,-44.0,-45.0,5.0,-2.0,168.5,141.2479498376289,847.0,0.029,0.016,1.0,2.873529411764707,0.08055555555555662,PRESENT,near_1,normal_1
near_1,43,215,220,24,1,0,84.0,192.0,-56.333333333333336,7.051398600435394,-75.0,-48.0,-59.0,27.0,-27.0,200.83333333333334,122.08489760089992,616.0,0.094,0.196,0.8,-7.793137254901964,-0.6233333333333377,PRESENT,near_1,normal_1
near_1,44,220,225,29,1,0,83.0,185.0,-51.44827586206897,4.86072370726653,-65.0,-47.0,-50.0,18.0,18.0,177.75862068965517,102.86102280208284,527.0,0.017,0.041,0.9666666666666667,-2.9080797836375964,-0.578160919540228,PRESENT,near_1,normal_1
near_1,45,225,230,34,1,0,87.0,183.0,-48.294117647058826,3.1204205199705517,-56.0,-45.0,-47.0,11.0,-8.0,144.52941176470588,76.82686237252514,421.0,0.162,0.127,1.1333333333333333,0.24607843137254548,0.8039215686274407,PRESENT,near_1,normal_1
near_1,46,230,235,33,1,0,96.0,180.0,-52.36363636363637,5.963617886150236,-64.0,-44.0,-55.0,20.0,11.0,152.5151515151515,77.28778225297387,411.0,0.079,0.094,1.1,-3.8234402852049953,-0.09153605015673885,PRESENT,near_1,normal_1
near_1,47,235,240,36,1,0,103.0,186.0,-45.638888888888886,0.9761824106003101,-47.0,-43.0,-46.0,4.0,-2.0,140.97222222222223,56.85531642839427,319.0,0.12,0.019,1.2,2.901307189542486,0.2655228758169936,PRESENT,near_1,normal_1
near_1,48,240,245,31,1,0,100.0,187.0,-51.806451612903224,3.9628871426932166,-57.0,-46.0,-53.0,11.0,-6.0,159.58064516129033,83.66013202180802,422.0,0.091,0.072,1.0333333333333334,-3.2662555344718527,0.055718475073317696,PRESENT,near_1,normal_1
near_1,49,245,250,32,1,0,99.0,195.0,-47.1875,3.2923917977664807,-56.0,-44.0,-46.0,12.0,6.0,154.34375,74.59666940244384,327.0,0.029,0.133,1.0666666666666667,1.3526960784313715,-0.15486111111111409,PRESENT,near_1,normal_1
near_1,50,250,255,31,1,0,94.0,197.0,-49.32258064516129,4.828591571677708,-59.0,-45.0,-47.0,14.0,-10.0,162.7741935483871,80.06799919641665,327.0,0.182,0.087,1.0333333333333334,-0.7823845667299167,0.24838709677419257,PRESENT,near_1,normal_1
near_1,51,255,260,32,1,0,95.0,195.0,-51.65625,5.347951564617989,-58.0,-43.0,-55.0,15.0,11.0,153.65625,73.63194338014921,314.0,0.124,0.17,1.0666666666666667,-3.1160539215686285,-0.4468749999999988,PRESENT,near_1,normal_1
near_1,52,260,265,29,1,0,92.0,191.0,-47.206896551724135,1.4474546111596795,-50.0,-45.0,-47.0,5.0,-3.0,176.55172413793105,111.34060392881945,533.0,0.032,0.05,0.9666666666666667,1.3332995267072363,0.2115684093437243,PRESENT,near_1,normal_1
near_1,53,265,270,29,1,0,90.0,184.0,-52.86206896551724,3.9192199956820626,-57.0,-47.0,-55.0,10.0,-9.0,162.10344827586206,85.51319512118309,428.0,0.157,0.349,0.9666666666666667,-4.321872887085867,-0.12058189655172585,PRESENT,near_1,normal_1
near_1,54,270,275,30,1,0,88.0,183.0,-45.86666666666667,3.4422215049134897,-59.0,-43.0,-45.0,16.0,13.0,174.53333333333333,96.5745768247984,425.0,0.076,0.113,1.0,2.6735294117647044,0.13402298850574493,PRESENT,near_1,normal_1
near_1,55,275,280,30,1,0,89.0,181.0,-50.166666666666664,6.865776641348661,-66.0,-46.0,-47.0,20.0,-20.0,160.83333333333334,89.25546979815236,425.0,0.1,0.288,1.0,-1.6264705882352928,0.2695402298850553,PRESENT,near_1,normal_1
near_1,56,280,285,24,1,0,84.0,174.0,-53.5,9.535023160258536,-68.0,-45.0,-47.0,23.0,22.0,219.66666666666666,164.52650917776813,843.0,0.028,0.016,0.8,-4.9598039215686285,-0.7633333333333338,PRESENT,near_1,normal_1
near_1,57,285,290,33,1,0,87.0,175.0,-46.21212121212121,2.2395559050790155,-50.0,-42.0,-47.0,8.0,-3.0,149.6060606060606,88.48041707458943,522.0,0.088,0.079,1.1,2.3280748663101605,0.3954545454545538,PRESENT,near_1,normal_1
near_1,58,290,295,24,1,0,81.0,170.0,-55.666666666666664,1.818118685772619,-58.0,-50.0,-56.0,8.0,-8.0,185.20833333333334,113.60970438547737,535.0,0.133,0.634,0.8,-7.126470588235293,-0.2166666666666568,PRESENT,near_1,normal_1
near_1,59,295,300,31,1,0,88.0,172.0,-49.32258064516129,0.8939617071323238,-52.0,-48.0,-49.0,4.0,-1.0,176.58064516129033,121.22992662400314,637.0,0.003,0.16,1.0333333333333334,-0.7823845667299167,-0.31104594330400737,PRESENT,near_1,normal_1
far_1,0,0,5,29,1,0,,,-63.310344827586206,1.5109587793245962,-66.0,-61.0,-63.0,5.0,1.0,176.67857142857142,170.9099707806566,948.0,0.0,0.053,,,,PRESENT,far_1,normal_1
far_1,1,5,10,21,1,0,,,-66.66666666666667,5.2584021956097695,-76.0,-62.0,-63.0,14.0,-13.0,224.42857142857142,152.18052294766846,529.0,0.356,0.34,0.7241379310344828,-3.356321839080465,-0.671264367816095,PRESENT,far_1,normal_1
far_1,2,10,15,28,1,0,78.0,,-65.28571428571429,6.545757311076405,-82.0,-60.0,-62.0,22.0,16.0,183.82142857142858,126.67056642314023,641.0,0.301,0.193,1.12,-0.2972085385878529,-0.19753694581280856,PRESENT,far_1,normal_1
far_1,3,15,20,29,1,0,78.0,,-67.44827586206897,3.567924219240782,-79.0,-63.0,-66.0,16.0,-16.0,171.27586206896552,93.85862316003903,526.0,0.018,0.226,1.0357142857142858,-2.162561576354676,-0.07816091954023179,PRESENT,far_1,normal_1
far_1,4,20,25,18,1,0,75.0,,-72.55555555555556,6.220237778790403,-80.0,-64.0,-76.5,16.0,16.0,285.22222222222223,243.30217963940225,831.0,0.193,0.092,0.631578947368421,-6.5793650793650755,-0.7269841269841255,PRESENT,far_1,normal_1
far_1,5,25,30,15,1,0,62.0,140.0,-65.33333333333333,1.8135294011647258,-69.0,-64.0,-64.0,5.0,-3.0,334.6666666666667,372.8784729044512,1658.0,0.123,0.072,0.5357142857142857,1.3333333333333428,0.211494252873564,PRESENT,far_1,normal_1
far_1,6,30,35,15,1,0,48.0,126.0,-75.06666666666666,3.974362282877034,-80.0,-68.0,-77.0,12.0,-9.0,307.53333333333336,205.28902119261573,844.0,0.032,0.459,0.6122448979591837,-9.066666666666663,-0.25111111111111106,PRESENT,far_1,normal_1
far_1,7,35,40,30,1,0,60.0,135.0,-65.93333333333334,4.850658603621665,-79.0,-60.0,-66.0,19.0,17.0,181.3,130.15379364428838,530.0,0.071,0.02,1.2244897959183674,0.06666666666666288,-0.06000000000000013,PRESENT,far_1,normal_1
far_1,8,40,45,18,1,0,63.0,125.0,-67.55555555555556,3.2527291485120995,-77.0,-62.0,-67.0,15.0,-8.0,250.55555555555554,227.4684892028936,839.0,0.076,0.51,0.7346938775510204,-1.5555555555555571,0.7511111111111121,PRESENT,far_1,normal_1
far_1,9,45,50,23,1,0,71.0,119.0,-70.65217391304348,2.728412432997779,-76.0,-66.0,-70.0,10.0,5.0,236.0,158.01568441689304,623.0,0.022,0.082,0.9387755102040817,-4.652173913043484,-0.47188405797101357,PRESENT,far_1,normal_1
far_1,10,50,55,22,1,0,63.0,123.0,-67.31818181818181,1.2572106078126664,-69.0,-66.0,-68.0,3.0,3.0,229.72727272727272,164.97966315942804,846.0,0.023,0.028,0.8979591836734694,-1.318181818181813,0.023737373737373228,PRESENT,far_1,normal_1
far_1,11,55,60,16,1,0,61.0,124.0,-73.3125,2.8442650632456883,-76.0,-66.0,-74.0,10.0,-9.0,283.0625,281.9245175463638,1266.0,0.076,0.499,0.6530612244897959,-7.3125,-0.26603260869564954,PRESENT,far_1,normal_1
far_1,12,60,65,28,1,0,66.0,137.0,-66.0,2.220038609702865,-73.0,-61.0,-67.0,12.0,8.0,176.67857142857142,149.6145174324023,843.0,0.344,0.552,1.1428571428571428,0.0,0.13181818181818114,PRESENT,far_1,normal_1
far_1,13,65,70,15,1,0,59.0,122.0,-69.2,4.166533331199932,-79.0,-64.0,-69.0,15.0,-14.0,363.8,349.8264712682561,1164.0,0.186,0.095,0.6122448979591837,-3.200000000000003,0.41124999999999834,PRESENT,far_1,normal_1
far_1,14,70,75,24,1,0,67.0,128.0,-71.70833333333333,7.68916535710404,-84.0,-64.0,-66.0,20.0,17.0,207.0,124.88294519268834,534.0,0.005,0.127,0.9795918367346939,-5.708333333333329,-0.5708333333333315,PRESENT,far_1,normal_1
far_1,15,75,80,19,1,0,58.0,124.0,-68.15789473684211,3.2486946025286243,-73.0,-63.0,-67.0,10.0,2.0,261.42105263157896,173.3558299201761,634.0,0.078,0.16,0.7755102040816326,-2.1578947368421098,0.10421052631578971,PRESENT,far_1,normal_1
far_1,16,80,85,22,1,0,65.0,124.0,-69.54545454545455,4.019580176260754,-76.0,-62.0,-70.0,14.0,-8.0,233.36363636363637,169.08753662326006,720.0,0.25,0.026,0.8979591836734694,-3.5454545454545467,0.21628787878787875,PRESENT,far_1,normal_1
far_1,17,85,90,25,1,0,66.0,133.0,-64.28,1.1838918869558994,-67.0,-63.0,-64.0,4.0,2.0,185.48,129.86211764791148,622.0,0.079,0.389,1.0204081632653061,1.7199999999999989,0.3877894736842082,PRESENT,far_1,normal_1
far_1,18,90,95,22,1,0,69.0,127.0,-65.13636363636364,2.9278514391250754,-72.0,-63.0,-64.0,9.0,-8.0,229.9090909090909,182.6521555234303,861.0,0.032,0.331,0.8979591836734694,0.8636363636363598,0.44090909090909103,PRESENT,far_1,normal_1
far_1,19,95,100,19,1,0,66.0,131.0,-65.42105263157895,3.870479223336891,-71.0,-62.0,-63.0,9.0,7.0,276.63157894736844,171.66037783530467,623.0,0.203,0.075,0.7755102040816326,0.5789473684210549,-0.11410526315789474,PRESENT,far_1,normal_1
far_1,20,100,105,20,1,0,61.0,127.0,-64.0,1.3416407864998738,-67.0,-62.0,-63.5,5.0,-2.0,238.9,244.23081296183736,1129.0,0.023,0.297,0.8163265306122449,2.0,0.11363636363636588,PRESENT,far_1,normal_1
far_1,21,105,110,21,1,0,60.0,129.0,-71.80952380952381,4.676374741787017,-77.0,-64.0,-73.0,13.0,0.0,251.23809523809524,166.31321705685465,641.0,0.015,0.021,0.8571428571428571,-5.80952380952381,-0.6388471177944893,PRESENT,far_1,normal_1
far_1,22,110,115,32,1,0,73.0,139.0,-63.21875,0.9596345332990055,-65.0,-62.0,-63.0,3.0,0.0,143.84375,99.72089468079145,622.0,0.192,0.418,1.3061224489795917,2.78125,0.07812500000000129,PRESENT,far_1,normal_1
far_1,23,115,120,20,1,0,73.0,134.0,-69.1,3.7802116342871597,-74.0,-64.0,-72.0,10.0,-9.0,262.7,174.84109928732434,647.0,0.085,0.164,0.8163265306122449,-3.0999999999999943,0.2709523809523822,PRESENT,far_1,normal_1
far_1,24,120,125,24,1,0,76.0,136.0,-65.125,4.594493987372276,-75.0,-62.0,-63.0,13.0,9.0,214.95833333333334,150.22801535406845,736.0,0.056,0.005,0.9795918367346939,0.875,-0.19062499999999957,PRESENT,far_1,normal_1
far_1,25,125,130,15,1,0,59.0,132.0,-66.06666666666666,2.1437246921084703,-69.0,-62.0,-67.0,7.0,-5.0,328.8,406.84644113801306,1774.0,0.105,0.073,0.6122448979591837,-0.06666666666666288,0.3033333333333327,PRESENT,far_1,normal_1
far_1,26,130,135,23,1,0,62.0,135.0,-71.78260869565217,5.208325456830843,-76.0,-62.0,-74.0,14.0,6.0,217.65217391304347,173.2084968032438,931.0,0.029,0.067,0.9387755102040817,-5.782608695652172,-0.6657608695652178,PRESENT,far_1,normal_1
far_1,27,135,140,22,1,0,60.0,136.0,-62.59090909090909,0.4916660830178168,-63.0,-62.0,-63.0,1.0,0.0,215.4090909090909,156.2910045369648,638.0,0.042,0.328,0.8979591836734694,3.4090909090909065,0.34757575757576187,PRESENT,far_1,normal_1
far_1,28,140,145,21,1,0,66.0,125.0,-72.76190476190476,10.272036761471648,-85.0,-63.0,-63.0,22.0,-22.0,239.71428571428572,208.3349278850542,842.0,0.092,0.294,0.8571428571428571,-6.761904761904759,-0.0979296066252572,PRESENT,far_1,normal_1
far_1,29,145,150,28,1,0,71.0,133.0,-66.28571428571429,9.269216112861907,-85.0,-61.0,-62.0,24.0,23.0,185.82142857142858,113.66965092238266,436.0,0.025,0.091,1.1428571428571428,-0.2857142857142918,-0.36948051948051924,PRESENT,far_1,normal_1
far_1,30,150,155,21,1,0,70.0,130.0,-62.857142857142854,0.6388765649999399,-64.0,-61.0,-63.0,3.0,-2.0,205.52380952380952,124.71171291369743,545.0,0.019,0.775,0.8571428571428571,3.142857142857146,0.9904761904761948,PRESENT,far_1,normal_1
far_1,31,155,160,20,1,0,69.0,135.0,-73.45,12.551792700646391,-90.0,-61.0,-72.0,29.0,22.0,288.45,368.5203488275783,1372.0,0.597,0.006,0.8163265306122449,-7.450000000000003,-0.7164285714285707,PRESENT,far_1,normal_1
far_1,32,160,165,28,1,0,69.0,140.0,-63.714285714285715,3.1943828249996997,-69.0,-60.0,-61.0,9.0,-8.0,176.53571428571428,105.15922693802995,524.0,0.095,0.063,1.1428571428571428,2.2857142857142847,-0.0857142857142857,PRESENT,far_1,normal_1
far_1,33,165,170,18,1,0,66.0,136.0,-72.83333333333333,3.547299442298794,-78.0,-66.0,-73.5,12.0,-9.0,278.8333333333333,182.72512750637833,847.0,0.784,0.044,0.7346938775510204,-6.833333333333329,0.06166666666666572,PRESENT,far_1,normal_1
far_1,34,170,175,27,1,0,73.0,142.0,-66.70370370370371,3.0528045977770186,-74.0,-64.0,-65.0,10.0,10.0,164.1851851851852,84.05335035825274,428.0,0.054,0.611,1.1020408163265305,-0.7037037037037095,-0.29894179894180306,PRESENT,far_1,normal_1
far_1,35,175,180,27,1,0,72.0,141.0,-66.33333333333333,2.93131243517176,-74.0,-64.0,-65.0,10.0,-8.0,206.33333333333334,153.76629693815894,632.0,0.021,0.04,1.1020408163265305,-0.3333333333333286,0.6500000000000051,PRESENT,far_1,normal_1
far_1,36,180,185,27,1,0,81.0,147.0,-69.51851851851852,5.493230651483497,-75.0,-62.0,-73.0,13.0,9.0,179.2962962962963,114.72925127182558,535.0,0.062,0.199,1.1020408163265305,-3.518518518518519,-0.28148148148148133,PRESENT,far_1,normal_1
far_1,37,185,190,27,1,0,81.0,154.0,-63.7037037037037,1.5351393908194595,-66.0,-62.0,-65.0,4.0,-4.0,182.44444444444446,117.09202880587793,639.0,0.098,0.273,1.1020408163265305,2.2962962962962976,0.2629629629629597,PRESENT,far_1,normal_1
far_1,38,190,195,18,1,0,72.0,144.0,-70.16666666666667,4.9916597106239795,-76.0,-64.0,-74.0,12.0,-9.0,274.3888888888889,175.31119596905032,732.0,0.149,0.334,0.7346938775510204,-4.166666666666671,-0.06481481481481564,PRESENT,far_1,normal_1
far_1,39,195,200,29,1,0,74.0,155.0,-63.51724137931034,3.9006691703115233,-75.0,-61.0,-62.0,14.0,9.0,181.27586206896552,121.32256706577408,514.0,0.18,0.077,1.183673469387755,2.4827586206896584,0.018646232439329943,PRESENT,far_1,normal_1
far_1,40,200,205,21,1,0,68.0,149.0,-66.76190476190476,4.18506143670854,-76.0,-63.0,-65.0,13.0,-9.0,230.14285714285714,194.10902329662594,716.0,0.13,0.244,0.8571428571428571,-0.7619047619047592,0.34047619047619315,PRESENT,far_1,normal_1
far_1,41,205,210,22,1,0,72.0,144.0,-69.18181818181819,6.819999757640382,-76.0,-61.0,-74.0,15.0,14.0,232.54545454545453,152.9984335251738,534.0,0.066,0.128,0.8979591836734694,-3.181818181818187,-0.5664576802507832,PRESENT,far_1,normal_1
far_1,42,210,215,24,1,0,67.0,141.0,-63.166666666666664,1.4337208778404378,-65.0,-61.0,-64.0,4.0,-2.0,209.375,197.2905666987992,948.0,0.287,0.103,0.9795918367346939,2.8333333333333357,0.35952380952381086,PRESENT,far_1,normal_1
far_1,43,215,220,23,1,0,69.0,137.0,-67.69565217391305,2.8042635646255825,-75.0,-64.0,-68.0,11.0,-6.0,219.47826086956522,156.28899362210447,734.0,0.113,0.055,0.9387755102040817,-1.6956521739130466,0.14861660079051472,PRESENT,far_1,normal_1
far_1,44,220,225,33,1,0,80.0,152.0,-62.18181818181818,2.491860026402882,-73.0,-60.0,-61.0,13.0,-13.0,146.6060606060606,85.4666120859536,425.0,0.361,0.217,1.346938775510204,3.81818181818182,0.09848484848485195,PRESENT,far_1,normal_1
far_1,45,225,230,20,1,0,76.0,143.0,-66.55,3.9556921012636965,-75.0,-62.0,-65.0,13.0,-12.0,240.9,129.09256368978038,631.0,0.414,0.399,0.8163265306122449,-0.5499999999999972,0.1145652173913075,PRESENT,far_1,normal_1
far_1,46,230,235,23,1,0,76.0,145.0,-68.34782608695652,7.111586966855257,-81.0,-62.0,-63.0,19.0,14.0,232.6086956521739,161.57451885051967,734.0,0.335,0.049,0.9387755102040817,-2.347826086956516,-0.6166007905138318,PRESENT,far_1,normal_1
far_1,47,235,240,25,1,0,68.0,148.0,-65.8,1.833030277982336,-68.0,-63.0,-67.0,5.0,-5.0,201.0,161.7200049468216,851.0,0.368,0.024,1.0204081632653061,0.20000000000000284,0.074999999999999,PRESENT,far_1,normal_1
far_1,48,240,245,14,1,0,62.0,138.0,-75.85714285714286,3.814579977948197,-79.0,-63.0,-77.0,16.0,14.0,344.0,362.4535438212343,1269.0,0.921,0.208,0.5714285714285714,-9.857142857142861,-0.7509316770186162,PRESENT,far_1,normal_1
far_1,49,245,250,25,1,0,64.0,140.0,-62.32,1.4620533505997653,-66.0,-61.0,-62.0,5.0,-2.0,206.32,154.81775608760128,746.0,0.007,0.05,1.0204081632653061,3.6799999999999997,0.3479999999999863,PRESENT,far_1,normal_1
far_1,50,250,255,16,1,0,55.0,123.0,-68.8125,4.433096406576333,-74.0,-64.0,-67.0,10.0,-8.0,308.5625,212.30225173970717,738.0,0.054,0.113,0.6530612244897959,-2.8125,0.7044642857142852,PRESENT,far_1,normal_1
far_1,51,255,260,27,1,0,68.0,130.0,-65.70370370370371,5.529816920248605,-76.0,-62.0,-63.0,14.0,13.0,185.59259259259258,137.68112898456218,636.0,0.293,0.102,1.1020408163265305,0.2962962962962905,-0.33837037037036855,PRESENT,far_1,normal_1
far_1,52,260,265,17,1,0,60.0,124.0,-64.0,2.086370335408023,-67.0,-61.0,-65.0,6.0,-6.0,271.52941176470586,211.82459937328804,849.0,0.003,0.486,0.6938775510204082,2.0,0.4812500000000073,PRESENT,far_1,normal_1
far_1,53,265,270,19,1,0,63.0,118.0,-74.36842105263158,5.89567661681703,-78.0,-61.0,-77.0,17.0,13.0,286.89473684210526,268.5965267512324,1038.0,0.552,0.035,0.7755102040816326,-8.368421052631575,-0.866471734892798,PRESENT,far_1,normal_1
far_1,54,270,275,23,1,0,59.0,127.0,-61.73913043478261,1.3259087549545137,-65.0,-61.0,-61.0,4.0,-4.0,196.43478260869566,134.35087937996585,641.0,0.278,0.517,0.9387755102040817,4.260869565217391,0.22608695652173638,PRESENT,far_1,normal_1
far_1,55,275,280,20,1,0,62.0,122.0,-68.5,4.4777226354476225,-75.0,-64.0,-65.0,11.0,-11.0,225.5,141.4780901765358,527.0,0.007,1.007,0.8163265306122449,-2.5,0.586842105263155,PRESENT,far_1,normal_1
far_1,56,280,285,23,1,0,66.0,129.0,-65.17391304347827,6.558447416437652,-77.0,-60.0,-62.0,17.0,15.0,256.17391304347825,202.37538348625762,1055.0,0.048,0.115,0.9387755102040817,0.8260869565217348,-0.343478260869566,PRESENT,far_1,normal_1
far_1,57,285,290,20,1,0,63.0,122.0,-65.25,2.165063509461097,-69.0,-61.0,-65.5,8.0,-3.0,237.15,141.93212286159888,523.0,0.095,0.372,0.8163265306122449,0.75,0.3250000000000008,PRESENT,far_1,normal_1
far_1,58,290,295,21,1,0,64.0,126.0,-74.0952380952381,5.739626351740709,-80.0,-65.0,-77.0,15.0,13.0,249.47619047619048,163.02953838334798,635.0,0.263,0.133,0.8571428571428571,-8.095238095238102,-0.8921325051759748,PRESENT,far_1,normal_1
far_1,59,295,300,19,1,0,60.0,126.0,-66.47368421052632,0.8806947647727111,-68.0,-65.0,-66.0,3.0,-3.0,245.57894736842104,144.4668294797965,517.0,0.073,0.467,0.7755102040816326,-0.47368421052631504,-0.12236842105263038,PRESENT,far_1,normal_1
shield_1,0,0,5,22,1,0,,,-74.5,2.8722813232690143,-78.0,-66.0,-75.0,12.0,12.0,229.76190476190476,182.84521290448424,840.0,0.0,0.175,,,,PRESENT,shield_1,normal_1
shield_1,1,5,10,19,1,0,,,-68.6842105263158,3.2452821072564206,-74.0,-65.0,-67.0,9.0,-6.0,272.0,168.83969351210976,637.0,0.359,0.007,0.8636363636363636,5.815789473684205,1.1631578947368373,PRESENT,shield_1,normal_1
shield_1,2,10,15,18,1,0,59.0,,-72.5,2.733536577809454,-77.0,-68.0,-73.0,9.0,1.0,266.6111111111111,240.1099606636021,928.0,0.21,0.208,0.8780487804878049,-0.9078947368421098,0.20000000000000012,PRESENT,shield_1,normal_1
shield_1,3,15,20,13,1,0,50.0,,-74.61538461538461,1.5951108733329016,-77.0,-72.0,-75.0,5.0,-4.0,372.7692307692308,438.42675975428216,1692.0,0.007,0.362,0.6842105263157895,-2.115384615384613,-0.5931174089068847,PRESENT,shield_1,normal_1
shield_1,4,20,25,16,1,0,47.0,,-75.5625,1.9029171684547912,-78.0,-72.0,-76.0,6.0,1.0,323.375,346.90342225899127,1480.0,0.069,0.188,0.8648648648648649,-2.0625,-0.30624999999999897,PRESENT,shield_1,normal_1
shield_1,5,25,30,20,1,0,49.0,108.0,-73.95,1.1608186766243898,-77.0,-72.0,-74.0,5.0,-2.0,229.7,150.64265664147058,533.0,0.026,0.594,1.1111111111111112,0.5499999999999972,0.06653846153846045,PRESENT,shield_1,normal_1
shield_1,6,30,35,11,1,0,47.0,97.0,-75.81818181818181,1.192261549873091,-79.0,-75.0,-75.0,4.0,0.0,508.0,462.26635375958506,1672.0,0.25,0.006,0.5945945945945946,-1.5931818181818187,-0.02556818181818159,PRESENT,shield_1,normal_1
shield_1,7,35,40,26,1,0,57.0,104.0,-73.73076923076923,1.1947865051545437,-77.0,-71.0,-74.0,6.0,0.0,181.34615384615384,133.46274107194813,640.0,0.092,0.291,1.4054054054054055,0.4942307692307679,0.021923076923076597,PRESENT,shield_1,normal_1
shield_1,8,40,45,12,1,0,49.0,98.0,-74.33333333333333,1.3743685418725535,-77.0,-73.0,-74.0,4.0,4.0,413.9166666666667,158.7101437281884,744.0,0.228,0.324,0.6486486486486487,-0.10833333333333428,0.14848484848484844,PRESENT,shield_1,normal_1
shield_1,9,45,50,20,1,0,58.0,105.0,-75.25,0.7664854858377946,-76.0,-74.0,-75.0,2.0,0.0,264.1,208.4679591687893,856.0,0.304,0.042,1.0810810810810811,-1.0250000000000057,-0.1519230769230758,PRESENT,shield_1,normal_1
shield_1,10,50,55,15,1,0,47.0,104.0,-74.0,1.4142135623730951,-76.0,-71.0,-74.0,5.0,4.0,329.46666666666664,239.04779624353134,1048.0,0.058,0.1,0.8108108108108109,0.22499999999999432,0.0333333333333322,PRESENT,shield_1,normal_1
shield_1,11,55,60,26,1,0,61.0,110.0,-73.3076923076923,1.6354070481130232,-77.0,-70.0,-73.0,7.0,0.0,174.3846153846154,112.53173122521656,530.0,0.009,0.566,1.4054054054054055,0.9173076923076877,0.19423076923077096,PRESENT,shield_1,normal_1
shield_1,12,60,65,15,1,0,56.0,114.0,-72.4,1.6653327995729061,-76.0,-71.0,-72.0,5.0,-2.0,370.8666666666667,272.44029723144035,1042.0,0.476,0.003,0.8108108108108109,1.8249999999999886,0.15999999999999875,PRESENT,shield_1,normal_1
shield_1,13,65,70,26,1,0,67.0,114.0,-72.8076923076923,2.6605267085417323,-76.0,-70.0,-72.0,6.0,4.0,190.30769230769232,125.36493474614554,517.0,0.107,0.055,1.4054054054054055,1.4173076923076877,0.04999999999999769,PRESENT,shield_1,normal_1
shield_1,14,70,75,25,1,0,66.0,127.0,-73.12,1.2749901960407382,-75.0,-71.0,-73.0,4.0,0.0,193.88,129.00521539844814,629.0,0.373,0.208,1.3513513513513513,1.1049999999999898,-0.07199999999999711,PRESENT,shield_1,normal_1
shield_1,15,75,80,22,1,0,73.0,129.0,-76.5909090909091,2.948945742419744,-81.0,-68.0,-77.0,13.0,3.0,230.8181818181818,149.16879894439185,636.0,0.117,0.13,1.1891891891891893,-2.365909090909099,-0.3783216783216781,PRESENT,shield_1,normal_1
shield_1,16,80,85,20,1,0,67.0,134.0,-71.2,0.812403840463596,-73.0,-70.0,-71.0,3.0,-2.0,256.1,176.53863599790276,832.0,0.194,0.008,1.0810810810810811,3.0249999999999915,0.1919999999999985,PRESENT,shield_1,normal_1
shield_1,17,85,90,15,1,0,57.0,123.0,-74.2,1.9390719429665315,-78.0,-72.0,-73.0,6.0,-4.0,279.2,131.45452952764057,528.0,0.206,0.82,0.8108108108108109,0.024999999999991473,0.23909090909090902,PRESENT,shield_1,normal_1
shield_1,18,90,95,21,1,0,56.0,129.0,-73.0952380952381,2.3074364646829935,-77.0,-71.0,-72.0,6.0,5.0,269.5238095238095,266.1171634284452,1058.0,0.014,0.16,1.135135135135135,1.1297619047618923,-0.18952380952380896,PRESENT,shield_1,normal_1
shield_1,19,95,100,20,1,0,56.0,123.0,-74.35,2.612948526090784,-78.0,-71.0,-76.0,7.0,-4.0,193.3,141.76568696267796,632.0,0.047,1.294,1.0810810810810811,-0.125,-0.015000000000000442,PRESENT,shield_1,normal_1
shield_1,20,100,105,21,1,0,62.0,119.0,-74.95238095238095,2.419684955411905,-78.0,-70.0,-76.0,8.0,5.0,289.9047619047619,314.1814617855503,1362.0,0.068,0.206,1.135135135135135,-0.7273809523809547,-0.18571428571428436,PRESENT,shield_1,normal_1
shield_1,21,105,110,15,1,0,56.0,112.0,-72.4,1.9933221850301404,-76.0,-69.0,-72.0,7.0,-1.0,309.26666666666665,323.79632830256463,1367.0,0.004,0.567,0.8108108108108109,1.8249999999999886,0.1950000000000003,PRESENT,shield_1,normal_1
shield_1,22,110,115,14,1,0,50.0,106.0,-74.5,1.5923926292577109,-76.0,-70.0,-75.0,6.0,-4.0,377.5,250.84023088127515,951.0,0.068,0.282,0.7567567567567568,-0.2750000000000057,0.04523809523809547,PRESENT,shield_1,normal_1
shield_1,23,115,120,16,1,0,45.0,107.0,-73.125,1.5360257159305635,-76.0,-71.0,-72.5,5.0,4.0,326.375,231.7220519825422,944.0,0.233,0.06,0.8648648648648649,1.0999999999999943,-0.07249999999999855,PRESENT,shield_1,normal_1
shield_1,24,120,125,5,1,0,35.0,91.0,-72.0,1.0954451150103321,-73.0,-70.0,-72.0,3.0,3.0,822.4,1324.6706156626258,3470.0,0.053,0.948,0.2702702702702703,2.2249999999999943,0.24999999999999847,PRESENT,shield_1,normal_1
shield_1,25,125,130,1,1,0,22.0,72.0,-86.0,0.0,-86.0,-86.0,-86.0,0.0,0.0,3020.0,0.0,3020.0,2.072,2.928,0.05405405405405406,-11.775000000000006,-1.2875000000000068,PRESENT,shield_1,normal_1
shield_1,26,130,135,14,1,0,20.0,65.0,-71.07142857142857,1.386891988496257,-73.0,-67.0,-71.0,6.0,6.0,529.0,1004.8210217318732,4058.0,1.13,0.522,0.7567567567567568,3.153571428571425,0.09285714285714261,PRESENT,shield_1,normal_1
shield_1,27,135,140,18,1,0,33.0,68.0,-67.77777777777777,2.799911815189812,-73.0,-63.0,-67.0,10.0,-3.0,291.1111111111111,231.65944566417338,932.0,0.214,0.282,0.972972972972973,6.447222222222223,1.8222222222222364,PRESENT,shield_1,normal_1
shield_1,28,140,145,24,1,0,56.0,78.0,-70.16666666666667,0.6871842709362768,-71.0,-69.0,-70.0,2.0,0.0,218.66666666666666,145.2313288821971,530.0,0.239,0.034,1.2972972972972974,4.058333333333323,0.09047619047619052,PRESENT,shield_1,normal_1
shield_1,29,145,150,24,1,0,66.0,86.0,-69.66666666666667,3.3993463423951895,-81.0,-65.0,-69.0,16.0,-6.0,193.625,106.12171176688271,542.0,0.073,0.387,1.2972972972972974,4.558333333333323,-0.18888888888889005,PRESENT,shield_1,normal_1
shield_1,30,150,155,8,1,0,56.0,89.0,-75.25,2.222048604328897,-79.0,-72.0,-75.0,7.0,2.0,510.75,420.78134167284554,1248.0,0.861,1.301,0.43243243243243246,-1.0250000000000057,-0.5083333333333369,PRESENT,shield_1,normal_1
shield_1,31,155,160,18,1,0,50.0,106.0,-68.11111111111111,2.1573875376608442,-72.0,-66.0,-67.0,6.0,-1.0,332.77777777777777,345.67222039182906,1374.0,0.073,0.311,0.972972972972973,6.11388888888888,0.15555555555555708,PRESENT,shield_1,normal_1
shield_1,32,160,165,13,1,0,39.0,105.0,-75.53846153846153,3.2726226747973306,-82.0,-70.0,-75.0,12.0,1.0,349.2307692307692,209.41205381740485,727.0,0.416,0.771,0.7027027027027027,-1.3134615384615387,-0.02884615384615165,PRESENT,shield_1,normal_1
shield_1,33,165,170,22,1,0,53.0,109.0,-68.18181818181819,7.499311263141943,-86.0,-64.0,-65.0,22.0,18.0,260.54545454545456,333.218291442811,1672.0,0.901,0.039,1.1891891891891893,6.043181818181807,-0.007070707070704844,PRESENT,shield_1,normal_1
shield_1,34,170,175,20,1,0,55.0,105.0,-67.0,2.792848008753788,-73.0,-64.0,-65.5,9.0,0.0,230.45,253.56744171916077,1267.0,0.07,0.43,1.0810810810810811,7.224999999999994,0.8538461538461525,PRESENT,shield_1,normal_1
shield_1,35,175,180,15,1,0,57.0,96.0,-76.33333333333333,4.189935029992179,-82.0,-66.0,-77.0,16.0,-9.0,327.0,242.53687004934596,1047.0,0.098,0.525,0.8108108108108109,-2.1083333333333343,-0.8151515151515274,PRESENT,shield_1,normal_1
shield_1,36,180,185,22,1,0,57.0,110.0,-73.5,3.0562900861844073,-78.0,-66.0,-74.0,12.0,9.0,239.1818181818182,179.00828735605722,746.0,0.12,0.263,1.1891891891891893,0.7249999999999943,-0.650000000000001,PRESENT,shield_1,normal_1
shield_1,37,185,190,25,1,0,62.0,117.0,-68.96,2.029384143034531,-73.0,-67.0,-68.0,6.0,0.0,210.36,146.59246365349074,742.0,0.051,0.004,1.3513513513513513,5.265000000000001,0.7373333333333285,PRESENT,shield_1,normal_1
shield_1,38,190,195,25,1,0,72.0,129.0,-74.28,6.180744291749982,-87.0,-66.0,-75.0,21.0,-8.0,196.08,131.09475046698094,629.0,0.304,0.102,1.3513513513513513,-0.05500000000000682,-0.07799999999999901,PRESENT,shield_1,normal_1
shield_1,39,195,200,18,1,0,68.0,125.0,-75.88888888888889,6.384781288248284,-86.0,-65.0,-75.0,21.0,-12.0,273.22222222222223,275.1116047383832,1255.0,0.01,0.184,0.972972972972973,-1.6638888888888914,-0.6928888888888847,PRESENT,shield_1,normal_1
shield_1,40,200,205,24,1,0,67.0,129.0,-71.79166666666667,4.509057243174255,-81.0,-67.0,-69.0,14.0,-2.0,205.0,145.7189074897283,732.0,0.036,0.264,1.2972972972972974,2.433333333333323,0.24883333333333502,PRESENT,shield_1,normal_1
shield_1,41,205,210,27,1,0,69.0,141.0,-68.18518518518519,1.1233889546743039,-70.0,-66.0,-68.0,4.0,-2.0,183.0,121.71886247201574,532.0,0.051,0.323,1.4594594594594594,6.039814814814804,0.7703703703703692,PRESENT,shield_1,normal_1
shield_1,42,210,215,14,1,0,65.0,133.0,-75.85714285714286,9.356870225035893,-91.0,-67.0,-69.0,24.0,-13.0,306.57142857142856,198.6273302607942,635.0,0.09,1.031,0.7567567567567568,-1.6321428571428669,-0.40654761904761944,PRESENT,shield_1,normal_1
shield_1,43,215,220,23,1,0,64.0,131.0,-69.73913043478261,4.19334245954069,-78.0,-67.0,-68.0,11.0,10.0,246.1304347826087,238.24089094276462,1167.0,0.136,0.37,1.2432432432432432,4.485869565217385,-0.15539452495973705,PRESENT,shield_1,normal_1
shield_1,44,220,225,17,1,0,54.0,123.0,-66.82352941176471,1.886025828456635,-74.0,-65.0,-66.0,9.0,-7.0,298.94117647058823,215.0432160638566,738.0,0.253,0.288,0.918918918918919,7.401470588235284,0.9033613445378177,PRESENT,shield_1,normal_1
shield_1,45,225,230,16,1,0,56.0,121.0,-72.375,4.728570079844435,-79.0,-67.0,-74.0,12.0,7.0,314.25,369.000592817952,1670.0,0.028,0.26,0.8648648648648649,1.8499999999999943,-0.2635869565217339,PRESENT,shield_1,normal_1
shield_1,46,230,235,26,1,0,59.0,123.0,-67.61538461538461,0.8355984993230936,-70.0,-66.0,-67.5,4.0,2.0,199.76923076923077,156.71981556815328,725.0,0.16,0.066,1.4054054054054055,6.609615384615381,-0.07918552036198984,PRESENT,shield_1,normal_1
shield_1,47,235,240,22,1,0,64.0,118.0,-73.04545454545455,5.919745638940247,-85.0,-65.0,-72.5,20.0,-9.0,224.5909090909091,167.35663039012584,635.0,0.147,0.125,1.1891891891891893,1.1795454545454476,-0.0670454545454521,PRESENT,shield_1,normal_1
shield_1,48,240,245,19,1,0,67.0,123.0,-80.10526315789474,4.203942220571759,-88.0,-74.0,-81.0,14.0,-9.0,266.1578947368421,218.55079215931156,958.0,0.3,0.068,1.027027027027027,-5.8802631578947455,-1.248987854250992,PRESENT,shield_1,normal_1
shield_1,49,245,250,19,1,0,60.0,119.0,-69.21052631578948,4.537318328895223,-86.0,-66.0,-68.0,20.0,14.0,263.89473684210526,254.6704567696193,1159.0,0.041,0.054,1.027027027027027,5.014473684210515,0.3834928229664935,PRESENT,shield_1,normal_1
shield_1,50,250,255,20,1,0,58.0,122.0,-75.3,4.063249930782009,-83.0,-71.0,-73.5,12.0,-12.0,247.9,158.55973637717742,640.0,0.16,0.096,1.0810810810810811,-1.0750000000000028,0.48052631578947075,PRESENT,shield_1,normal_1
shield_1,51,255,260,19,1,0,58.0,125.0,-74.3157894736842,6.382975972966539,-84.0,-66.0,-77.0,18.0,17.0,242.68421052631578,217.63805119886527,845.0,0.006,0.485,1.027027027027027,-0.09078947368421098,-0.5105263157894709,PRESENT,shield_1,normal_1
shield_1,52,260,265,21,1,0,60.0,120.0,-70.33333333333333,1.4907119849998598,-74.0,-67.0,-70.0,7.0,-7.0,249.47619047619048,138.57664856802054,538.0,0.053,0.246,1.135135135135135,3.8916666666666657,0.496666666666678,PRESENT,shield_1,normal_1
shield_1,53,265,270,18,1,0,58.0,116.0,-80.77777777777777,7.714024425648791,-90.0,-69.0,-84.5,21.0,-1.0,285.3333333333333,224.8490851907366,829.0,0.066,0.11,0.972972972972973,-6.552777777777777,-0.6461988304093662,PRESENT,shield_1,normal_1
shield_1,54,270,275,20,1,0,59.0,117.0,-72.0,3.9115214431215892,-82.0,-67.0,-70.0,15.0,9.0,255.0,243.3626922927999,947.0,0.203,0.01,1.0810810810810811,2.2249999999999943,-0.16666666666666918,PRESENT,shield_1,normal_1
shield_1,55,275,280,15,1,0,53.0,113.0,-70.46666666666667,4.951318567367237,-79.0,-64.0,-69.0,15.0,4.0,320.6,256.46826964233475,1030.0,0.198,0.201,0.8108108108108109,3.7583333333333258,1.0311111111111042,PRESENT,shield_1,normal_1
shield_1,56,280,285,16,1,0,51.0,109.0,-71.4375,6.08244143005093,-83.0,-66.0,-68.0,17.0,-17.0,256.25,212.27120035464065,942.0,0.22,1.101,0.8648648648648649,2.7874999999999943,0.05625000000000118,PRESENT,shield_1,normal_1
shield_1,57,285,290,13,1,0,44.0,103.0,-75.6923076923077,4.158117462073717,-85.0,-72.0,-74.0,13.0,9.0,463.84615384615387,493.47758832343624,2006.0,0.905,0.071,0.7027027027027027,-1.467307692307699,-0.5225641025641042,PRESENT,shield_1,normal_1
shield_1,58,290,295,27,1,0,56.0,109.0,-68.70370370370371,2.338325054468829,-76.0,-67.0,-68.0,9.0,1.0,168.22222222222223,107.92155358590361,535.0,0.029,0.529,1.4594594594594594,5.521296296296285,0.27337962962961976,PRESENT,shield_1,normal_1
shield_1,59,295,300,8,1,0,48.0,99.0,-76.0,2.449489742783178,-81.0,-73.0,-76.0,8.0,-8.0,616.125,732.2126462818024,2297.0,0.644,0.6,0.43243243243243246,-1.7750000000000057,-0.030769230769231947,PRESENT,shield_1,normal_1
near_2,0,0,5,38,1,0,,,-41.5,1.9834844406538181,-47.0,-38.0,-42.0,9.0,4.0,130.64864864864865,68.55663124281295,434.0,0.0,0.166,,,,PRESENT,near_2,normal_2
near_2,1,5,10,42,1,0,,,-43.095238095238095,2.476648309323018,-46.0,-40.0,-41.0,6.0,-6.0,119.97619047619048,43.190325247806804,309.0,0.05,0.127,1.105263157894737,-1.595238095238095,-0.31904761904762063,PRESENT,near_2,normal_2
near_2,2,10,15,41,1,0,121.0,,-42.26829268292683,2.714229803559718,-46.0,-40.0,-40.0,6.0,6.0,121.0,38.24886416295388,217.0,0.08,0.166,1.025,0.02932636469222416,-0.07682926829268276,PRESENT,near_2,normal_2
near_2,3,15,20,38,1,0,121.0,,-40.73684210526316,0.44034738238635557,-41.0,-40.0,-41.0,1.0,-1.0,135.1315789473684,49.08594559954674,220.0,0.04,0.031,0.926829268292683,1.5314505776636693,0.23583959899749354,PRESENT,near_2,normal_2
near_2,4,20,25,40,1,0,119.0,,-44.85,1.82414363469547,-46.0,-41.0,-46.0,5.0,0.0,124.025,58.41595993390848,425.0,0.074,0.07,1.0126582278481013,-2.965853658536588,-0.2581707317073178,PRESENT,near_2,normal_2
near_2,5,25,30,44,1,0,122.0,243.0,-40.95454545454545,0.20829889522526548,-41.0,-40.0,-41.0,1.0,-1.0,113.97727272727273,30.662005387452485,215.0,0.142,0.055,1.1,1.3137472283813736,-0.021770334928230006,PRESENT,near_2,normal_2
near_2,6,30,35,45,1,0,129.0,250.0,-40.93333333333333,0.2494438257849294,-41.0,-40.0,-41.0,1.0,-1.0,112.22222222222223,27.208568004206064,220.0,0.052,0.005,1.1111111111111112,0.9508130081300834,0.39166666666666655,PRESENT,near_2,normal_2
near_2,7,35,40,40,1,0,129.0,248.0,-44.0,2.449489742783178,-46.0,-41.0,-46.0,5.0,-5.0,123.3,41.30145275895268,218.0,0.091,0.073,0.9876543209876543,-2.1158536585365866,-0.30454545454545495,PRESENT,near_2,normal_2
near_2,8,40,45,43,1,0,128.0,250.0,-41.25581395348837,2.4408635838887305,-46.0,-40.0,-40.0,6.0,6.0,117.81395348837209,35.030389341158994,218.0,0.035,0.007,1.0617283950617284,0.6283323879750426,-0.032248062015503676,PRESENT,near_2,normal_2
near_2,9,45,50,43,1,0,126.0,255.0,-41.51162790697674,1.4203192078699973,-45.0,-40.0,-41.0,5.0,-5.0,114.76744186046511,48.86280613808912,411.0,0.096,0.072,1.0617283950617284,0.3725184344866719,0.2488372093023261,PRESENT,near_2,normal_2
near_2,10,50,55,42,1,0,128.0,257.0,-43.666666666666664,1.8856180831641265,-45.0,-41.0,-45.0,4.0,4.0,117.19047619047619,39.87673751714573,307.0,0.235,0.15,1.037037037037037,-1.7825203252032509,-0.24108527131783047,PRESENT,near_2,normal_2
near_2,11,55,60,40,1,0,125.0,253.0,-40.975,0.15612494995995993,-41.0,-40.0,-41.0,1.0,0.0,127.675,71.73297271826952,518.0,0.063,0.043,0.9876543209876543,0.909146341463412,0.05366279069767536,PRESENT,near_2,normal_2
near_2,12,60,65,43,1,0,125.0,251.0,-44.372093023255815,2.3429583348383587,-46.0,-41.0,-46.0,5.0,-5.0,116.88372093023256,40.4740567509066,306.0,0.063,0.017,1.0617283950617284,-2.487946681792401,-0.07054263565891579,PRESENT,near_2,normal_2
near_2,13,65,70,41,1,0,124.0,252.0,-41.073170731707314,2.2457574516911425,-46.0,-40.0,-40.0,6.0,5.0,120.21951219512195,57.03722028047143,441.0,0.088,0.088,1.0123456790123457,0.810975609756099,-0.009817073170732396,PRESENT,near_2,normal_2
near_2,14,70,75,45,1,0,129.0,254.0,-42.111111111111114,2.078698548207745,-46.0,-41.0,-41.0,5.0,-5.0,112.35555555555555,25.99671394239028,214.0,0.016,0.032,1.1111111111111112,-0.22696476964770085,0.22609819121447147,PRESENT,near_2,normal_2
near_2,15,75,80,41,1,0,127.0,252.0,-43.51219512195122,2.955952664886462,-46.0,-40.0,-46.0,6.0,6.0,120.46341463414635,49.990778447666614,324.0,0.072,0.093,1.0123456790123457,-1.6280487804878092,-0.2439024390243905,PRESENT,near_2,normal_2
near_2,16,80,85,40,1,0,126.0,250.0,-40.6,0.4898979485566356,-41.0,-40.0,-41.0,1.0,0.0,126.95,54.96132731293887,322.0,0.008,0.015,0.9876543209876543,1.284146341463412,0.1511111111111104,PRESENT,near_2,normal_2
near_2,17,85,90,44,1,0,125.0,254.0,-44.18181818181818,2.059045755073841,-48.0,-41.0,-45.0,7.0,-5.0,112.1590909090909,26.493518231153498,218.0,0.092,0.08,1.0864197530864197,-2.2976718403547665,-0.06696230598669596,PRESENT,near_2,normal_2
near_2,18,90,95,44,1,0,128.0,255.0,-41.77272727272727,1.8812910987795342,-49.0,-40.0,-41.0,9.0,8.0,115.27272727272727,31.794341718130543,228.0,0.034,0.008,1.0864197530864197,0.11141906873614005,-0.11727272727272699,PRESENT,near_2,normal_2
near_2,19,95,100,42,1,0,130.0,256.0,-42.142857142857146,1.8070158058105026,-45.0,-41.0,-41.0,4.0,-4.0,117.78571428571429,41.64449069735608,315.0,0.102,0.061,1.037037037037037,-0.2587108013937325,0.20389610389610377,PRESENT,near_2,normal_2
near_2,20,100,105,43,1,0,129.0,254.0,-43.04651162790697,1.999459093972528,-45.0,-41.0,-45.0,4.0,4.0,117.51162790697674,41.30621446179585,315.0,0.049,0.008,1.0617283950617284,-1.1623652864435599,-0.12737843551796912,PRESENT,near_2,normal_2
near_2,21,105,110,43,1,0,128.0,256.0,-41.0,0.0,-41.0,-41.0,-41.0,0.0,0.0,114.69767441860465,30.792278467114485,213.0,0.095,0.076,1.0617283950617284,0.8841463414634134,0.11428571428571711,PRESENT,near_2,normal_2
near_2,22,110,115,43,1,0,129.0,259.0,-44.06976744186046,1.5157368127256114,-45.0,-41.0,-45.0,4.0,0.0,117.25581395348837,39.21265399893006,306.0,0.032,0.034,1.0617283950617284,-2.18562110039705,-0.10232558139534861,PRESENT,near_2,normal_2
near_2,23,115,120,41,1,0,127.0,256.0,-41.0,0.2208630521496931,-42.0,-40.0,-41.0,2.0,0.0,120.46341463414635,38.050734784082245,219.0,0.07,0.095,1.0123456790123457,0.8841463414634134,-4.219070820380419e-16,PRESENT,near_2,normal_2
near_2,24,120,125,40,1,0,124.0,252.0,-42.375,1.7844817174742924,-45.0,-40.0,-41.0,5.0,-4.0,126.15,52.418770493020915,313.0,0.008,0.049,0.9876543209876543,-0.4908536585365866,0.16947674418604616,PRESENT,near_2,normal_2
near_2,25,125,130,43,1,0,124.0,253.0,-42.74418604651163,1.8688763351501805,-45.0,-41.0,-41.0,4.0,4.0,117.30232558139535,34.17025422295595,216.0,0.057,0.005,1.0617283950617284,-0.8600397050482158,-0.17441860465116443,PRESENT,near_2,normal_2
near_2,26,130,135,43,1,0,126.0,253.0,-41.02325581395349,0.26310949997638977,-42.0,-40.0,-41.0,2.0,0.0,112.37209302325581,36.43919641202503,326.0,0.1,0.173,1.0617283950617284,0.8608905275099232,0.13517441860465076,PRESENT,near_2,normal_2
near_2,27,135,140,42,1,0,128.0,252.0,-44.42857142857143,1.3997084244475302,-45.0,-41.0,-45.0,4.0,0.0,122.38095238095238,45.53384527754752,316.0,0.033,0.033,1.037037037037037,-2.544425087108017,-0.16843853820598176,PRESENT,near_2,normal_2
near_2,28,140,145,40,1,0,125.0,249.0,-41.0,0.0,-41.0,-41.0,-41.0,0.0,0.0,121.625,38.8237604438313,217.0,0.078,0.168,0.9876543209876543,0.8841463414634134,0.002325581395349171,PRESENT,near_2,normal_2
near_2,29,145,150,40,1,0,122.0,248.0,-42.725,1.9746835189467704,-45.0,-40.0,-41.0,5.0,-5.0,127.975,65.22173238269588,405.0,0.237,0.049,0.9876543209876543,-0.840853658536588,0.17035714285714426,PRESENT,near_2,normal_2
near_2,30,150,155,41,1,0,121.0,249.0,-42.48780487804878,1.8362468511920695,-45.0,-41.0,-41.0,4.0,4.0,120.5609756097561,37.233638594027106,212.0,0.05,0.106,1.0123456790123457,-0.603658536585364,-0.148780487804878,PRESENT,near_2,normal_2
near_2,31,155,160,44,1,0,125.0,250.0,-41.09090909090909,0.5961307749365455,-45.0,-41.0,-41.0,4.0,-4.0,115.1590909090909,38.643441864998955,323.0,0.001,0.039,1.0864197530864197,0.7932372505543199,0.16340909090909217,PRESENT,near_2,normal_2
near_2,32,160,165,39,1,0,124.0,246.0,-44.07692307692308,1.6853001769389726,-45.0,-41.0,-45.0,4.0,4.0,128.7948717948718,56.17836954265176,318.0,0.072,0.016,0.9629629629629629,-2.192776735459667,-0.15891181988742847,PRESENT,near_2,normal_2
near_2,33,165,170,41,1,0,124.0,245.0,-40.97560975609756,0.1542574468374819,-41.0,-40.0,-41.0,1.0,0.0,120.6829268292683,37.80594805724149,216.0,0.098,0.068,1.0123456790123457,0.9085365853658516,0.011529933481155328,PRESENT,near_2,normal_2
near_2,34,170,175,45,1,0,125.0,250.0,-43.044444444444444,1.9316723388533985,-45.0,-41.0,-44.0,4.0,-4.0,112.04444444444445,25.464533554255468,212.0,0.038,0.026,1.1111111111111112,-1.1602981029810309,0.10324786324786402,PRESENT,near_2,normal_2
near_2,35,175,180,41,1,0,127.0,251.0,-42.0,1.6820428926406503,-45.0,-41.0,-41.0,4.0,4.0,122.4390243902439,47.41361787528764,324.0,0.082,0.006,1.0123456790123457,-0.11585365853658658,-0.10243902439024485,PRESENT,near_2,normal_2
near_2,36,180,185,45,1,0,131.0,255.0,-41.44444444444444,1.257078722109418,-45.0,-41.0,-41.0,4.0,-4.0,110.57777777777778,25.63546925551817,208.0,0.094,0.03,1.1111111111111112,0.43970189701897056,0.16000000000000078,PRESENT,near_2,normal_2
near_2,37,185,190,42,1,0,128.0,253.0,-43.88095238095238,1.8283792061664752,-46.0,-41.0,-45.0,5.0,4.0,117.33333333333333,42.22708827431728,317.0,0.078,0.102,1.037037037037037,-1.9968060394889662,-0.18809523809523615,PRESENT,near_2,normal_2
near_2,38,190,195,43,1,0,130.0,257.0,-41.0,0.0,-41.0,-41.0,-41.0,0.0,0.0,116.69767441860465,39.859949523136876,311.0,0.007,0.084,1.0617283950617284,0.8841463414634134,0.04444444444444297,PRESENT,near_2,normal_2
near_2,39,195,200,41,1,0,126.0,257.0,-43.65853658536585,1.9204897253687343,-46.0,-41.0,-45.0,5.0,-4.0,120.3170731707317,38.44504409964845,214.0,0.015,0.151,1.0123456790123457,-1.7743902439024382,0.02224157955865371,PRESENT,near_2,normal_2
near_2,40,200,205,40,1,0,124.0,252.0,-41.825,1.5951097140949269,-45.0,-41.0,-41.0,4.0,4.0,128.1,48.7815538907895,311.0,0.059,0.027,0.9876543209876543,0.05914634146341058,-0.08250000000000017,PRESENT,near_2,normal_2
near_2,41,205,210,35,1,0,116.0,246.0,-41.42857142857143,1.2936264483053452,-45.0,-40.0,-41.0,5.0,-4.0,141.05714285714285,82.68146894027977,523.0,0.185,0.09,0.8641975308641975,0.4555749128919828,0.2229965156794418,PRESENT,near_2,normal_2
near_2,42,210,215,46,1,0,121.0,247.0,-43.369565217391305,1.845778917141509,-45.0,-41.0,-44.0,4.0,4.0,109.95652173913044,22.12902532455383,217.0,0.017,0.032,1.1358024691358024,-1.4854188759278912,-0.1544565217391292,PRESENT,near_2,normal_2
near_2,43,215,220,43,1,0,124.0,248.0,-41.0,0.0,-41.0,-41.0,-41.0,0.0,0.0,116.55813953488372,40.11454664274074,314.0,0.07,0.02,1.0617283950617284,0.8841463414634134,0.042857142857145834,PRESENT,near_2,normal_2
near_2,44,220,225,43,1,0,132.0,248.0,-43.97674418604651,1.7452709803994155,-45.0,-41.0,-45.0,4.0,-4.0,116.32558139534883,51.38895045934624,417.0,0.08,0.018,1.0617283950617284,-2.0925978445830964,-0.06071789686552135,PRESENT,near_2,normal_2
near_2,45,225,230,40,1,0,126.0,247.0,-41.25,0.7984359711335656,-45.0,-41.0,-41.0,4.0,3.0,122.0,52.689657429138784,315.0,0.297,0.138,0.9876543209876543,0.6341463414634134,-0.025000000000001573,PRESENT,near_2,normal_2
near_2,46,230,235,43,1,0,126.0,250.0,-41.97674418604651,1.6065038175972597,-45.0,-41.0,-41.0,4.0,-3.0,117.06976744186046,40.836825235254935,313.0,0.175,0.104,1.0617283950617284,-0.09259784458309639,0.2000000000000013,PRESENT,near_2,normal_2
near_2,47,235,240,39,1,0,122.0,254.0,-42.87179487179487,1.8560985713696265,-45.0,-41.0,-44.0,4.0,3.0,129.07692307692307,60.368264975677164,318.0,0.0,0.07,0.9629629629629629,-0.9876485303314553,-0.16217948717948588,PRESENT,near_2,normal_2
near_2,48,240,245,37,1,0,119.0,245.0,-41.027027027027025,0.16216216216216217,-42.0,-41.0,-41.0,1.0,0.0,136.43243243243242,63.19191726476406,311.0,0.141,0.022,0.9135802469135802,0.8571193144363889,0.0949717159019454,PRESENT,near_2,normal_2
near_2,49,245,250,41,1,0,117.0,243.0,-43.97560975609756,1.5379397824814096,-45.0,-41.0,-45.0,4.0,-4.0,120.90243902439025,43.75252181055245,315.0,0.083,0.065,1.0123456790123457,-2.0914634146341484,-0.11038148843026643,PRESENT,near_2,normal_2
near_2,50,250,255,33,1,0,111.0,233.0,-41.121212121212125,0.6856793029687733,-45.0,-41.0,-41.0,4.0,4.0,150.36363636363637,67.36864578764893,413.0,0.047,0.103,0.8148148148148148,0.7629342202512888,-0.00941850941851104,PRESENT,near_2,normal_2
near_2,51,255,260,43,1,0,117.0,236.0,-42.2093023255814,1.8370621077331628,-45.0,-41.0,-41.0,4.0,-4.0,117.90697674418605,33.986190050015,211.0,0.004,0.033,1.0617283950617284,-0.3251559841179841,0.17663074305161403,PRESENT,near_2,normal_2
near_2,52,260,265,43,1,0,119.0,236.0,-42.74418604651163,2.5526367877232086,-46.0,-37.0,-43.0,9.0,4.0,114.83720930232558,31.467909259152236,219.0,0.065,0.095,1.0617283950617284,-0.8600397050482158,-0.16229739252995123,PRESENT,near_2,normal_2
near_2,53,265,270,42,1,0,128.0,239.0,-39.57142857142857,0.7911070345636262,-41.0,-37.0,-40.0,4.0,-1.0,120.42857142857143,65.90618977258613,517.0,0.109,0.037,1.037037037037037,2.312717770034844,0.2637873754152872,PRESENT,near_2,normal_2
near_2,54,270,275,39,1,0,124.0,241.0,-43.56410256410256,2.3182096517529653,-48.0,-39.0,-44.0,9.0,-1.0,127.0,49.0604023314432,308.0,0.065,0.084,0.9629629629629629,-1.6799562226391487,-0.08199165175909151,PRESENT,near_2,normal_2
near_2,55,275,280,39,1,0,120.0,239.0,-42.02564102564103,1.5440070992127788,-45.0,-39.0,-42.0,6.0,-5.0,129.3846153846154,60.85232877351337,418.0,0.017,0.038,0.9629629629629629,-0.14149468417761568,-0.24542124542124444,PRESENT,near_2,normal_2
near_2,56,280,285,42,1,0,120.0,248.0,-44.023809523809526,1.0575824911672764,-45.0,-42.0,-44.5,3.0,0.0,117.52380952380952,41.4046455268224,313.0,0.068,0.102,1.037037037037037,-2.139663182346112,-0.04597069597069585,PRESENT,near_2,normal_2
near_2,57,285,290,45,1,0,126.0,250.0,-42.44444444444444,2.1761898973057936,-45.0,-40.0,-41.0,5.0,4.0,111.64444444444445,26.497090452899464,216.0,0.001,0.078,1.1111111111111112,-0.5602981029810294,-0.04188034188033894,PRESENT,near_2,normal_2
near_2,58,290,295,39,1,0,126.0,246.0,-42.94871794871795,3.448884754330333,-54.0,-38.0,-42.0,16.0,-4.0,128.7948717948718,59.87944276635518,315.0,0.028,0.055,0.9629629629629629,-1.0645716072545355,0.10750915750915735,PRESENT,near_2,normal_2
near_2,59,295,300,41,1,0,125.0,245.0,-42.53658536585366,1.6689058921518052,-45.0,-38.0,-43.0,7.0,6.0,120.85365853658537,42.35653603815703,310.0,0.048,0.1,1.0123456790123457,-0.6524390243902474,-0.009214092140921793,PRESENT,near_2,normal_2
far_2,0,0,5,38,1,0,,,-80.0,8.397994748121345,-96.0,-70.0,-79.0,26.0,-15.0,133.54054054054055,52.054853913194606,305.0,0.0,0.059,,,,PRESENT,far_2,normal_2
far_2,1,5,10,33,1,0,,,-80.60606060606061,5.002662284796051,-92.0,-76.0,-78.0,16.0,7.0,152.21212121212122,82.77891605949735,428.0,0.047,0.036,0.868421052631579,-0.6060606060606091,-0.12121212121212338,PRESENT,far_2,normal_2
far_2,2,10,15,39,1,0,110.0,,-73.7948717948718,3.179900717523589,-90.0,-71.0,-73.0,19.0,-10.0,126.51282051282051,62.901580345754624,415.0,0.068,0.102,1.0985915492957747,6.508158508158516,0.6205128205128191,PRESENT,far_2,normal_2
far_2,3,15,20,34,1,0,106.0,,-89.88235294117646,5.361983313280928,-96.0,-78.0,-92.0,18.0,13.0,148.2058823529412,103.66200149347502,635.0,0.003,0.063,0.8947368421052632,-9.882352941176464,-0.9276292335115867,PRESENT,far_2,normal_2
far_2,4,20,25,38,1,0,111.0,,-75.52631578947368,2.853777202468623,-80.0,-72.0,-77.0,8.0,6.0,130.8684210526316,56.833631190950925,315.0,0.143,0.09,1.0555555555555556,4.776714513556627,-0.1731443994601879,PRESENT,far_2,normal_2
far_2,5,25,30,24,1,0,96.0,206.0,-80.83333333333333,10.208928554075703,-94.0,-72.0,-73.0,22.0,-20.0,209.66666666666666,249.81937919669525,1364.0,0.016,0.058,0.631578947368421,-0.8333333333333286,0.9049019607843121,PRESENT,far_2,normal_2
far_2,6,30,35,36,1,0,98.0,204.0,-80.02777777777777,4.542919467033355,-93.0,-77.0,-79.0,16.0,16.0,139.91666666666666,96.66505027384223,636.0,0.155,0.021,1.0,0.2752525252525402,-0.4501461988304088,PRESENT,far_2,normal_2
far_2,7,35,40,33,1,0,93.0,204.0,-72.87878787878788,0.4772125984249582,-74.0,-72.0,-73.0,2.0,1.0,130.45454545454547,67.04276830776863,412.0,0.291,0.716,0.9166666666666666,7.424242424242436,0.7954545454545459,PRESENT,far_2,normal_2
far_2,8,40,45,19,1,0,88.0,184.0,-83.6842105263158,8.03317222245849,-96.0,-76.0,-78.0,20.0,19.0,299.36842105263156,519.2457293265132,2439.0,1.723,0.028,0.5277777777777778,-3.381180223285483,-0.36564327485380255,PRESENT,far_2,normal_2
far_2,9,45,50,40,1,0,92.0,190.0,-74.775,2.361011435804579,-81.0,-72.0,-75.0,9.0,5.0,125.675,47.21672770321975,305.0,0.085,0.001,1.1111111111111112,5.528030303030306,-0.1896212121212129,PRESENT,far_2,normal_2
far_2,10,50,55,23,1,0,82.0,175.0,-84.08695652173913,10.749774693203173,-96.0,-71.0,-91.0,25.0,-19.0,200.7826086956522,166.85478104750877,751.0,0.1,0.383,0.6388888888888888,-3.783926218708814,-0.040274599542332874,PRESENT,far_2,normal_2
far_2,11,55,60,41,1,0,104.0,192.0,-77.7560975609756,5.66452584632223,-93.0,-72.0,-75.0,21.0,20.0,128.4390243902439,60.36072409839309,423.0,0.04,0.117,1.1388888888888888,2.5469327420547074,-0.29810975609755763,PRESENT,far_2,normal_2
far_2,12,60,65,35,1,0,99.0,191.0,-72.25714285714285,3.450406660445835,-92.0,-71.0,-72.0,21.0,-21.0,120.02857142857142,44.112509216635544,315.0,0.198,0.916,0.9722222222222222,8.045887445887459,1.1829813664596285,PRESENT,far_2,normal_2
far_2,13,65,70,31,1,0,107.0,189.0,-84.58064516129032,7.460754063542781,-93.0,-76.0,-89.0,17.0,16.0,186.03225806451613,216.85872967634165,1158.0,0.242,0.149,0.8611111111111112,-4.277614858260009,-0.682454760031472,PRESENT,far_2,normal_2
far_2,14,70,75,39,1,0,105.0,209.0,-76.61538461538461,0.4865042554105198,-77.0,-76.0,-77.0,1.0,-1.0,131.89743589743588,56.909192115786816,318.0,0.169,0.005,1.0833333333333333,3.6876456876456984,-0.4358241758241749,PRESENT,far_2,normal_2
far_2,15,75,80,32,1,0,102.0,201.0,-71.78125,1.0528050329951886,-77.0,-71.0,-72.0,6.0,6.0,132.0,67.49074010558782,439.0,0.103,0.781,0.8888888888888888,8.521780303030312,1.2799395161290286,PRESENT,far_2,normal_2
far_2,16,80,85,13,1,0,84.0,191.0,-78.61538461538461,5.903564262876891,-99.0,-76.0,-77.0,23.0,22.0,438.6923076923077,975.6092679894869,3808.0,3.027,0.078,0.3611111111111111,1.6876456876456984,-0.19999999999999812,PRESENT,far_2,normal_2
far_2,17,85,90,37,1,0,82.0,187.0,-76.89189189189189,1.9141547253649485,-82.0,-74.0,-77.0,8.0,1.0,136.54054054054055,85.249584161495,537.0,0.022,0.026,1.0277777777777777,3.411138411138424,-0.5110641891891904,PRESENT,far_2,normal_2
far_2,18,90,95,38,1,0,88.0,190.0,-85.3157894736842,6.751628509820875,-92.0,-74.0,-89.0,18.0,-15.0,129.55263157894737,61.077904251960334,415.0,0.389,0.103,1.0555555555555556,-5.012759170653894,-0.6700404858299606,PRESENT,far_2,normal_2
far_2,19,95,100,31,1,0,106.0,190.0,-87.80645161290323,4.788557293938969,-96.0,-75.0,-88.0,21.0,15.0,162.48387096774192,95.35667203266188,424.0,0.105,0.066,0.8611111111111112,-7.50342130987292,-1.0914559721011334,PRESENT,far_2,normal_2
far_2,20,100,105,32,1,0,101.0,183.0,-77.25,4.527692569068709,-86.0,-74.0,-75.0,12.0,-10.0,146.28125,76.99035425582545,407.0,0.036,0.385,0.8888888888888888,3.0530303030303116,0.8065789473684267,PRESENT,far_2,normal_2
far_2,21,105,110,24,1,0,87.0,175.0,-87.41666666666667,3.522743564641375,-96.0,-85.0,-86.0,11.0,-9.0,222.75,209.98298542183522,949.0,0.029,0.039,0.6666666666666666,-7.11363636363636,0.03897849462365382,PRESENT,far_2,normal_2
far_2,22,110,115,28,1,0,84.0,190.0,-80.28571428571429,8.923712963852239,-95.0,-74.0,-75.0,21.0,21.0,165.07142857142858,99.13624411868336,519.0,0.173,0.417,0.7777777777777778,0.01731601731601984,-0.30357142857142727,PRESENT,far_2,normal_2
far_2,23,115,120,36,1,0,88.0,189.0,-84.86111111111111,5.457679491514572,-90.0,-74.0,-87.0,16.0,-14.0,148.52777777777777,106.72589139970549,627.0,0.21,0.07,1.0,-4.558080808080803,0.2555555555555568,PRESENT,far_2,normal_2
far_2,24,120,125,26,1,0,90.0,177.0,-90.65384615384616,5.663257473142166,-94.0,-75.0,-93.0,19.0,12.0,185.8846153846154,138.97933629557943,744.0,0.132,0.237,0.7222222222222222,-10.350815850815849,-1.0368131868131871,PRESENT,far_2,normal_2
far_2,25,125,130,37,1,0,99.0,183.0,-79.4054054054054,6.732171487993646,-95.0,-73.0,-76.0,22.0,-19.0,134.48648648648648,59.000513796032,326.0,0.076,0.261,1.0277777777777777,0.8976248976249082,0.545570570570571,PRESENT,far_2,normal_2
far_2,26,130,135,19,1,0,82.0,170.0,-88.73684210526316,3.2580605348509812,-97.0,-86.0,-87.0,11.0,1.0,270.89473684210526,466.61918370752625,2222.0,0.06,0.114,0.5277777777777778,-8.433811802232853,0.19170040485829898,PRESENT,far_2,normal_2
far_2,27,135,140,33,1,0,89.0,179.0,-79.51515151515152,6.6063386096632986,-94.0,-74.0,-76.0,20.0,18.0,152.87878787878788,86.67695425273527,418.0,0.093,0.069,0.9166666666666666,0.7878787878787961,-0.010974610974608808,PRESENT,far_2,normal_2
far_2,28,140,145,38,1,0,90.0,189.0,-81.89473684210526,2.8726429576831976,-84.0,-75.0,-83.0,9.0,-7.0,126.97368421052632,49.7316413320985,323.0,0.041,0.244,1.0555555555555556,-1.5917065390749485,0.6842105263157908,PRESENT,far_2,normal_2
far_2,29,145,150,28,1,0,99.0,181.0,-87.07142857142857,8.34492391229787,-98.0,-75.0,-92.0,23.0,19.0,184.82142857142858,218.5193769720317,1257.0,1.013,0.069,0.7777777777777778,-6.768398268398258,-0.7556277056277101,PRESENT,far_2,normal_2
far_2,30,150,155,36,1,0,102.0,191.0,-79.11111111111111,4.6054181724583785,-85.0,-75.0,-75.0,10.0,-10.0,140.5,65.42828983789131,317.0,0.155,0.011,1.0,1.1919191919191974,0.27836257309941814,PRESENT,far_2,normal_2
far_2,31,155,160,35,1,0,99.0,189.0,-88.05714285714286,3.268401593989306,-95.0,-83.0,-89.0,12.0,-5.0,141.05714285714285,79.51421898257043,418.0,0.093,0.074,0.9722222222222222,-7.754112554112552,-0.09857142857142627,PRESENT,far_2,normal_2
far_2,32,160,165,36,1,0,107.0,206.0,-78.69444444444444,6.518433027638043,-94.0,-74.0,-75.0,20.0,13.0,131.36111111111111,44.60390664117125,217.0,0.031,0.345,1.0,1.6085858585858688,0.041666666666669926,PRESENT,far_2,normal_2
far_2,33,165,170,33,1,0,104.0,206.0,-88.27272727272727,1.7799000188592016,-93.0,-86.0,-88.0,7.0,-6.0,158.78787878787878,111.0863048525942,635.0,0.29,0.105,0.9166666666666666,-7.969696969696955,-0.0215584415584416,PRESENT,far_2,normal_2
far_2,34,170,175,17,1,0,86.0,185.0,-88.05882352941177,9.27660300550796,-99.0,-75.0,-93.0,24.0,17.0,297.05882352941177,210.65904166189978,743.0,0.115,0.055,0.4722222222222222,-7.755793226381456,-0.936437908496733,PRESENT,far_2,normal_2
far_2,35,175,180,34,1,0,84.0,191.0,-81.82352941176471,5.266266610592444,-90.0,-75.0,-85.0,15.0,-14.0,148.02941176470588,96.8915358696692,511.0,0.049,0.022,0.9444444444444444,-1.5204991087343984,0.6449197860962631,PRESENT,far_2,normal_2
far_2,36,180,185,29,1,0,80.0,184.0,-88.86206896551724,3.5595828691210873,-97.0,-84.0,-87.0,13.0,-2.0,170.6551724137931,104.88722214739914,631.0,0.188,0.073,0.8055555555555556,-8.559038662486927,-0.080324543610546,PRESENT,far_2,normal_2
far_2,37,185,190,26,1,0,89.0,175.0,-77.76923076923077,3.456406452101688,-91.0,-76.0,-77.0,15.0,3.0,192.5,149.01271241588236,629.0,0.14,0.068,0.7222222222222222,2.533799533799538,0.4054298642533876,PRESENT,far_2,normal_2
far_2,38,190,195,26,1,0,81.0,165.0,-89.38461538461539,0.48650425541051995,-90.0,-89.0,-89.0,1.0,0.0,150.57692307692307,79.04340242838501,422.0,0.044,1.153,0.7222222222222222,-9.081585081585075,-0.052254641909815276,PRESENT,far_2,normal_2
far_2,39,195,200,24,1,0,76.0,156.0,-83.16666666666667,7.0691033534828325,-93.0,-77.0,-78.0,16.0,13.0,253.66666666666666,480.67978484179633,2522.0,1.369,0.065,0.6666666666666666,-2.8636363636363598,-0.5397435897435904,PRESENT,far_2,normal_2
far_2,40,200,205,39,1,0,89.0,178.0,-83.74358974358974,5.328770237301106,-89.0,-77.0,-88.0,12.0,-11.0,129.10256410256412,75.37795191202146,515.0,0.034,0.03,1.0833333333333333,-3.4405594405594258,0.5641025641025685,PRESENT,far_2,normal_2
far_2,41,205,210,35,1,0,98.0,179.0,-90.71428571428571,1.8137794569261578,-93.0,-88.0,-92.0,5.0,-4.0,141.25714285714287,92.7156460388869,541.0,0.074,0.086,0.9722222222222222,-10.411255411255397,-0.7547619047619022,PRESENT,far_2,normal_2
far_2,42,210,215,43,1,0,117.0,193.0,-78.95348837209302,4.4405818201028096,-92.0,-75.0,-78.0,17.0,7.0,117.53488372093024,34.635207814236026,220.0,0.017,0.032,1.1944444444444444,1.349541930937292,0.4790101371496744,PRESENT,far_2,normal_2
far_2,43,215,220,37,1,0,115.0,204.0,-87.05405405405405,2.846960882651609,-95.0,-84.0,-86.0,11.0,-7.0,135.54054054054055,88.94170413727721,617.0,0.07,0.017,1.0277777777777777,-6.751023751023737,0.3660231660231644,PRESENT,far_2,normal_2
far_2,44,220,225,29,1,0,109.0,207.0,-83.93103448275862,7.723368188246935,-99.0,-77.0,-78.0,22.0,16.0,170.10344827586206,139.90695056249206,735.0,0.185,0.084,0.8055555555555556,-3.6280041797283076,-0.49775461106655666,PRESENT,far_2,normal_2
far_2,45,225,230,32,1,0,98.0,215.0,-86.09375,6.902714026924482,-97.0,-76.0,-88.0,21.0,-14.0,156.375,77.72618204311853,416.0,0.137,0.08,0.8888888888888888,-5.790719696969688,0.09603040540540617,PRESENT,far_2,normal_2
far_2,46,230,235,38,1,0,99.0,214.0,-87.60526315789474,2.8334419619608506,-94.0,-76.0,-88.0,18.0,14.0,132.8421052631579,63.65471261166082,321.0,0.241,0.032,1.0555555555555556,-7.302232854864428,-0.36742286751361247,PRESENT,far_2,normal_2
far_2,47,235,240,41,1,0,111.0,220.0,-77.92682926829268,4.496015818382245,-87.0,-74.0,-76.0,13.0,-12.0,122.02439024390245,51.910564649107535,315.0,0.077,0.029,1.1388888888888888,2.376201034737633,0.8166920731707308,PRESENT,far_2,normal_2
far_2,48,240,245,40,1,0,119.0,217.0,-87.2,2.3579652245103193,-92.0,-84.0,-87.0,8.0,3.0,125.675,51.022243923606496,331.0,0.081,0.002,1.1111111111111112,-6.896969696969691,0.04052631578948255,PRESENT,far_2,normal_2
far_2,49,245,250,40,1,0,121.0,220.0,-80.075,5.298053887985663,-88.0,-75.0,-76.0,13.0,11.0,123.375,47.055651892201006,316.0,0.103,0.067,1.1111111111111112,0.2280303030303088,-0.2148170731707362,PRESENT,far_2,normal_2
far_2,50,250,255,38,1,0,118.0,229.0,-86.1842105263158,6.81274063083625,-92.0,-75.0,-90.0,17.0,-16.0,132.6315789473684,56.28097792730945,319.0,0.039,0.027,1.0555555555555556,-5.881180223285483,0.10157894736841855,PRESENT,far_2,normal_2
far_2,51,255,260,40,1,0,118.0,237.0,-84.075,3.77085865553192,-91.0,-75.0,-84.0,16.0,15.0,125.25,54.157524869587604,327.0,0.073,0.017,1.1111111111111112,-3.771969696969691,-0.399999999999999,PRESENT,far_2,normal_2
far_2,52,260,265,40,1,0,118.0,239.0,-80.525,6.584024225350329,-91.0,-75.0,-76.0,16.0,-13.0,124.8,49.1371549847974,317.0,0.185,0.025,1.1111111111111112,-0.22196969696969404,0.5659210526315898,PRESENT,far_2,normal_2
far_2,53,265,270,34,1,0,114.0,232.0,-85.88235294117646,3.206287076449799,-90.0,-81.0,-86.0,9.0,8.0,144.88235294117646,76.87681693917199,432.0,0.08,0.099,0.9444444444444444,-5.579322638146152,-0.18073529411764927,PRESENT,far_2,normal_2
far_2,54,270,275,42,1,0,116.0,234.0,-75.5952380952381,4.546372304792784,-82.0,-72.0,-73.0,10.0,10.0,116.64285714285714,35.04814472949448,221.0,0.113,0.2,1.1666666666666667,4.70779220779221,0.4929761904761887,PRESENT,far_2,normal_2
far_2,55,275,280,29,1,0,105.0,223.0,-86.51724137931035,7.1275119693179425,-96.0,-72.0,-89.0,24.0,-20.0,170.27586206896552,101.76982025095657,427.0,0.111,0.262,0.8055555555555556,-6.214211076280037,-0.06348884381338842,PRESENT,far_2,normal_2
far_2,56,280,285,27,1,0,98.0,212.0,-83.0,6.452102729314656,-97.0,-74.0,-84.0,23.0,11.0,193.2962962962963,222.5653153928352,1257.0,0.057,0.043,0.75,-2.6969696969696884,-0.7404761904761925,PRESENT,far_2,normal_2
far_2,57,285,290,37,1,0,93.0,209.0,-79.64864864864865,9.094745189709354,-94.0,-73.0,-74.0,21.0,-18.0,134.0,64.97359130883537,432.0,0.172,0.085,1.0277777777777777,0.6543816543816661,0.6868592730661757,PRESENT,far_2,normal_2
far_2,58,290,295,37,1,0,101.0,206.0,-86.91891891891892,6.055501757407589,-98.0,-79.0,-83.0,19.0,-1.0,135.54054054054055,63.233840834910886,415.0,0.017,0.07,1.0277777777777777,-6.615888615888608,-0.39189189189188667,PRESENT,far_2,normal_2
far_2,59,295,300,32,1,0,106.0,204.0,-79.59375,5.760096434739613,-90.0,-76.0,-76.0,14.0,13.0,153.8125,90.45905064585854,423.0,0.252,0.148,0.8888888888888888,0.7092803030303116,0.0054898648648634895,PRESENT,far_2,normal_2
far_shield_2,0,0,5,17,1,0,,,-93.6470588235294,2.633297563011693,-99.0,-89.0,-94.0,10.0,-4.0,264.75,302.85072643135595,1371.0,0.0,0.764,,,,PRESENT,far_shield_2,normal_2
far_shield_2,1,5,10,0,0,1,,,,,,,,,,,,,,5.764,0.0,,,PRESENT,far_shield_2,normal_2
far_shield_2,2,10,15,19,1,0,36.0,,-92.15789473684211,0.8743814592545343,-94.0,-91.0,-92.0,3.0,-2.0,564.9473684210526,1803.8623320584613,8214.0,2.45,0.03,1.1176470588235294,1.4891640866872962,,PRESENT,far_shield_2,normal_2
far_shield_2,3,15,20,8,1,0,27.0,,-93.5,2.1213203435596424,-98.0,-92.0,-92.5,6.0,-5.0,578.625,859.0267658082605,2835.0,0.284,0.401,0.4444444444444444,-0.5975232198142351,-0.2684210526315804,PRESENT,far_shield_2,normal_2
far_shield_2,4,20,25,5,1,0,32.0,,-91.2,5.30659966456864,-98.0,-85.0,-89.0,13.0,13.0,1071.2,866.3305142957853,2326.0,1.925,0.045,0.29411764705882354,2.299999999999997,0.09578947368421248,PRESENT,far_shield_2,normal_2
far_shield_2,5,25,30,35,1,0,48.0,84.0,-90.0,2.449489742783178,-93.0,-86.0,-91.0,7.0,-6.0,141.42857142857142,74.4428009430388,411.0,0.066,0.095,2.8,2.828947368421055,0.34999999999999964,PRESENT,far_shield_2,normal_2
far_shield_2,6,30,35,11,1,0,51.0,78.0,-93.36363636363636,2.739367122421702,-99.0,-91.0,-92.0,8.0,-8.0,457.8181818181818,610.7610480795577,2207.0,0.22,0.059,0.6470588235294118,-1.20574162679425,-0.21636363636363526,PRESENT,far_shield_2,normal_2
far_shield_2,7,35,40,30,1,0,76.0,108.0,-92.36666666666666,1.0482790129010926,-97.0,-91.0,-92.0,6.0,5.0,167.9,231.72301712748921,1259.0,1.2,0.022,1.7647058823529411,-0.20877192982455028,-0.23666666666666406,PRESENT,far_shield_2,normal_2
far_shield_2,8,40,45,9,1,0,50.0,98.0,-92.77777777777777,1.4740554623801776,-96.0,-92.0,-92.0,4.0,-3.0,546.6666666666666,1182.4496230753812,3889.0,0.18,0.102,0.5294117647058824,-0.6198830409356617,0.058585858585859005,PRESENT,far_shield_2,normal_2
far_shield_2,9,45,50,14,1,0,53.0,104.0,-95.78571428571429,2.006367415026877,-98.0,-93.0,-97.0,5.0,5.0,359.14285714285717,285.78009956279755,952.0,0.647,0.074,0.8235294117647058,-3.627819548872182,-0.3419047619047618,PRESENT,far_shield_2,normal_2
far_shield_2,10,50,55,23,1,0,46.0,122.0,-92.6086956521739,0.7064381221422573,-94.0,-91.0,-93.0,3.0,1.0,137.04347826086956,65.70651364764218,317.0,0.238,1.922,1.3529411764705883,-0.4508009153317971,0.016908212560383933,PRESENT,far_shield_2,normal_2
far_shield_2,11,55,60,8,1,0,45.0,95.0,-97.0,2.179449471770337,-100.0,-94.0,-97.0,6.0,-6.0,799.75,846.1153511785494,2720.0,0.798,0.524,0.47058823529411764,-4.84210526315789,-0.12142857142856613,PRESENT,far_shield_2,normal_2
far_shield_2,12,60,65,28,1,0,59.0,112.0,-91.92857142857143,2.5344564284585958,-101.0,-89.0,-91.5,12.0,9.0,195.60714285714286,242.89170709917417,1361.0,0.837,0.047,1.6470588235294117,0.22932330827067915,0.06801242236024817,PRESENT,far_shield_2,normal_2
far_shield_2,13,65,70,11,1,0,47.0,93.0,-93.0909090909091,1.311109554714178,-96.0,-92.0,-93.0,4.0,-2.0,324.54545454545456,512.4968050696625,1902.0,0.056,1.477,0.6470588235294118,-0.9330143540669837,0.3909090909090898,PRESENT,far_shield_2,normal_2
far_shield_2,14,70,75,12,1,0,51.0,96.0,-90.5,3.378855822118882,-98.0,-88.0,-89.0,10.0,9.0,535.6666666666666,881.0850633672603,3166.0,1.689,0.049,0.7058823529411765,1.6578947368421098,0.1428571428571442,PRESENT,far_shield_2,normal_2
far_shield_2,15,75,80,27,1,0,50.0,109.0,-89.66666666666667,1.8856180831641267,-95.0,-89.0,-89.0,6.0,-6.0,120.4074074074074,38.279923428906024,216.0,0.061,1.798,1.588235294117647,2.4912280701754383,0.3424242424242428,PRESENT,far_shield_2,normal_2
far_shield_2,16,80,85,2,1,0,41.0,88.0,-96.0,0.0,-96.0,-96.0,-96.0,0.0,0.0,1157.5,1056.5,2214.0,0.416,4.483,0.11764705882352941,-3.8421052631578902,-0.5499999999999982,PRESENT,far_shield_2,normal_2
far_shield_2,17,85,90,29,1,0,58.0,109.0,-91.6896551724138,0.5932638115201812,-93.0,-90.0,-92.0,3.0,-1.0,324.51724137931035,1025.1784914627829,5742.0,1.259,0.072,1.7058823529411764,0.46823956442831616,-0.20229885057471633,PRESENT,far_shield_2,normal_2
far_shield_2,18,90,95,6,1,0,37.0,87.0,-94.16666666666667,1.0671873729054748,-95.0,-92.0,-94.5,3.0,-3.0,685.5,659.6387268801006,1908.0,0.033,0.959,0.35294117647058826,-2.0087719298245617,0.18333333333333365,PRESENT,far_shield_2,normal_2
far_shield_2,19,95,100,18,1,0,53.0,94.0,-92.55555555555556,3.8184089505421297,-100.0,-89.0,-91.0,11.0,9.0,320.05555555555554,472.5586938527345,1981.0,0.09,0.198,1.0588235294117647,-0.3976608187134474,-0.08659003831417705,PRESENT,far_shield_2,normal_2
far_shield_2,20,100,105,16,1,0,40.0,98.0,-90.4375,0.998044963916957,-93.0,-89.0,-90.0,4.0,-4.0,157.25,92.41719266456865,427.0,0.109,2.682,0.9411764705882353,1.7203947368421098,0.37291666666667084,PRESENT,far_shield_2,normal_2
far_shield_2,21,105,110,6,1,0,40.0,77.0,-95.66666666666667,1.699673171197595,-98.0,-94.0,-95.0,4.0,4.0,1262.6666666666667,1432.4062117833598,3588.0,0.906,0.106,0.35294117647058826,-3.5087719298245617,-0.3111111111111158,PRESENT,far_shield_2,normal_2
far_shield_2,22,110,115,29,1,0,51.0,104.0,-91.72413793103448,2.8026656243056687,-98.0,-87.0,-92.0,11.0,1.0,155.10344827586206,115.64343081886524,623.0,0.001,0.608,1.7058823529411764,0.4337568058076329,-0.12866379310344708,PRESENT,far_shield_2,normal_2
far_shield_2,23,115,120,0,0,1,35.0,75.0,,,,,,,,,,,,5.608,0.0,,,PRESENT,far_shield_2,normal_2
far_shield_2,24,120,125,11,1,0,40.0,80.0,-96.45454545454545,1.776801844153824,-99.0,-95.0,-95.0,4.0,1.0,895.0,1667.9876280334718,6076.0,0.468,0.763,0.6470588235294118,-4.2966507177033435,,PRESENT,far_shield_2,normal_2
far_shield_2,25,125,130,5,1,0,16.0,67.0,-95.6,0.4898979485566356,-96.0,-95.0,-96.0,1.0,1.0,462.6,360.66028336926706,958.0,0.195,3.45,0.29411764705882354,-3.4421052631578846,0.170909090909094,PRESENT,far_shield_2,normal_2
far_shield_2,26,130,135,5,1,0,21.0,56.0,-98.2,0.7483314773547882,-99.0,-97.0,-98.0,2.0,2.0,1556.2,1932.9312869318455,5364.0,1.914,0.669,0.29411764705882354,-6.042105263157893,-0.17454545454545717,PRESENT,far_shield_2,normal_2
far_shield_2,27,135,140,13,1,0,23.0,63.0,-95.23076923076923,0.5756395979652217,-96.0,-94.0,-95.0,2.0,-1.0,380.2307692307692,386.5160269034835,1252.0,0.479,0.726,0.7647058823529411,-3.0728744939271166,0.0369230769230765,PRESENT,far_shield_2,normal_2
far_shield_2,28,140,145,0,0,1,18.0,34.0,,,,,,,,,,,,5.726,0.0,,,PRESENT,far_shield_2,normal_2
far_shield_2,29,145,150,38,1,0,51.0,72.0,-91.07894736842105,1.0099916348629203,-94.0,-89.0,-91.0,5.0,3.0,281.7894736842105,903.4637777929636,5768.0,0.042,0.018,2.235294117647059,1.0789473684210549,,PRESENT,far_shield_2,normal_2
far_shield_2,30,150,155,28,1,0,66.0,89.0,-90.75,0.6338656910463875,-92.0,-90.0,-91.0,2.0,0.0,160.71428571428572,112.83611919912157,630.0,0.086,0.518,1.6470588235294117,1.4078947368421098,0.06578947368420701,PRESENT,far_shield_2,normal_2
far_shield_2,31,155,160,17,1,0,83.0,101.0,-90.52941176470588,0.7759356446042893,-92.0,-89.0,-90.0,3.0,-1.0,322.0,644.7788494560615,2854.0,0.018,0.044,1.0,1.6284829721362257,0.05495356037151803,PRESENT,far_shield_2,normal_2
far_shield_2,32,160,165,23,1,0,68.0,119.0,-92.3913043478261,0.7655137765938699,-94.0,-91.0,-92.0,3.0,-2.0,164.47826086956522,90.39664747785892,408.0,0.276,1.261,1.3529411764705883,-0.23340961098398338,-0.16413043478260508,PRESENT,far_shield_2,normal_2
far_shield_2,33,165,170,4,1,0,44.0,110.0,-97.5,0.5,-98.0,-97.0,-97.5,1.0,1.0,1550.25,2093.4055239011864,5151.0,3.89,0.06,0.23529411764705882,-5.34210526315789,-0.6970588235294121,PRESENT,far_shield_2,normal_2
far_shield_2,34,170,175,25,1,0,52.0,135.0,-93.24,1.8391302292116238,-98.0,-92.0,-93.0,6.0,5.0,201.72,269.7313507918573,1481.0,0.252,0.017,1.4705882352941178,-1.0821052631578851,-0.08486956521738952,PRESENT,far_shield_2,normal_2
far_shield_2,35,175,180,26,1,0,55.0,123.0,-92.65384615384616,0.5506854255106289,-94.0,-92.0,-93.0,2.0,-1.0,185.92307692307693,87.73996680617067,401.0,0.295,0.183,1.5294117647058822,-0.49595141700405065,0.48461538461538706,PRESENT,far_shield_2,normal_2
far_shield_2,36,180,185,1,1,0,52.0,96.0,-99.0,0.0,-99.0,-99.0,-99.0,0.0,0.0,1375.0,0.0,1375.0,1.192,3.808,0.058823529411764705,-6.84210526315789,-0.576000000000001,PRESENT,far_shield_2,normal_2
far_shield_2,37,185,190,13,1,0,40.0,92.0,-91.38461538461539,1.002954216185023,-93.0,-89.0,-92.0,4.0,-3.0,630.9230769230769,1818.9765703036446,6932.0,3.124,0.606,0.7647058823529411,0.773279352226723,0.1269230769230707,PRESENT,far_shield_2,normal_2
far_shield_2,38,190,195,9,1,0,23.0,78.0,-92.33333333333333,1.7638342073763937,-96.0,-90.0,-93.0,6.0,3.0,292.22222222222223,338.09130186247285,1166.0,0.56,2.976,0.5294117647058824,-0.17543859649121885,0.6666666666666675,PRESENT,far_shield_2,normal_2
far_shield_2,39,195,200,20,1,0,42.0,94.0,-93.2,1.5362291495737215,-98.0,-92.0,-93.0,6.0,5.0,387.65,947.8459935559154,4501.0,1.525,0.223,1.1764705882352942,-1.042105263157893,-0.1815384615384633,PRESENT,far_shield_2,normal_2
far_shield_2,40,200,205,35,1,0,64.0,104.0,-90.14285714285714,1.8383666219594756,-97.0,-87.0,-90.0,10.0,-4.0,144.6,85.17149087073007,528.0,0.104,0.162,2.0588235294117645,2.015037593984971,0.21904761904761993,PRESENT,far_shield_2,normal_2
far_shield_2,41,205,210,2,1,0,57.0,80.0,-93.0,1.0,-94.0,-92.0,-93.0,2.0,2.0,1570.0,956.0,2526.0,2.364,2.022,0.11764705882352941,-0.8421052631578902,0.02000000000000125,PRESENT,far_shield_2,normal_2
far_shield_2,42,210,215,16,1,0,53.0,95.0,-92.0,1.7677669529663689,-98.0,-90.0,-92.0,8.0,7.0,413.375,773.0083986445426,3057.0,1.035,0.408,0.9411764705882353,0.15789473684210975,-0.18571428571428708,PRESENT,far_shield_2,normal_2
far_shield_2,43,215,220,19,1,0,37.0,101.0,-92.0,1.9194297398747862,-97.0,-89.0,-92.0,8.0,-1.0,269.42105263157896,201.24541597642303,926.0,0.009,0.289,1.1176470588235294,0.15789473684210975,0.10000000000000166,PRESENT,far_shield_2,normal_2
far_shield_2,44,220,225,6,1,0,41.0,98.0,-95.66666666666667,2.2852182001336816,-98.0,-92.0,-97.0,6.0,1.0,862.3333333333334,586.7008512767719,2001.0,0.775,0.115,0.35294117647058826,-3.5087719298245617,-0.36666666666666653,PRESENT,far_shield_2,normal_2
far_shield_2,45,225,230,29,1,0,54.0,107.0,-91.34482758620689,1.559749362468778,-95.0,-89.0,-91.0,6.0,-3.0,148.89655172413794,76.76580813392263,421.0,0.096,0.797,1.7058823529411764,0.8130671506352201,0.06551724137930492,PRESENT,far_shield_2,normal_2
far_shield_2,46,230,235,2,1,0,37.0,74.0,-97.5,3.5,-101.0,-94.0,-97.5,7.0,-7.0,2624.5,1059.5,3684.0,0.768,0.548,0.11764705882352941,-5.34210526315789,-0.18333333333333066,PRESENT,far_shield_2,normal_2
far_shield_2,47,235,240,10,1,0,41.0,82.0,-94.8,2.521904042583698,-102.0,-93.0,-94.0,9.0,8.0,460.2,580.0840973514098,2103.0,0.196,0.946,0.5882352941176471,-2.6421052631578874,-0.3455172413793095,PRESENT,far_shield_2,normal_2
far_shield_2,48,240,245,15,1,0,27.0,81.0,-91.93333333333334,2.2350739485653612,-97.0,-89.0,-92.0,8.0,2.0,379.2,517.7116571992561,2129.0,0.0,0.258,0.8823529411764706,0.22456140350877263,0.5566666666666571,PRESENT,far_shield_2,normal_2
far_shield_2,49,245,250,5,1,0,30.0,67.0,-94.4,4.2708313008125245,-101.0,-91.0,-91.0,10.0,-10.0,528.0,476.5165264710134,1363.0,0.066,2.618,0.29411764705882354,-2.242105263157896,0.04000000000000057,PRESENT,far_shield_2,normal_2
far_shield_2,50,250,255,6,1,0,26.0,67.0,-99.5,0.5,-100.0,-99.0,-99.5,1.0,1.0,906.5,1275.9312612101537,3657.0,1.039,2.179,0.35294117647058826,-7.34210526315789,-0.7566666666666675,PRESENT,far_shield_2,normal_2
far_shield_2,51,255,260,2,1,0,13.0,40.0,-100.0,1.0,-101.0,-99.0,-100.0,2.0,2.0,3420.5,2472.5,5893.0,3.714,0.338,0.11764705882352941,-7.84210526315789,-0.5599999999999953,PRESENT,far_shield_2,normal_2
far_shield_2,52,260,265,18,1,0,26.0,56.0,-95.05555555555556,3.908284963769235,-100.0,-88.0,-97.0,12.0,11.0,296.22222222222223,285.30793414125486,1169.0,0.302,0.006,1.0588235294117647,-2.8976608187134474,0.44444444444445763,PRESENT,far_shield_2,normal_2
far_shield_2,53,265,270,18,1,0,38.0,64.0,-90.66666666666667,1.7950549357115013,-97.0,-89.0,-90.0,8.0,-1.0,253.05555555555554,328.25116945246907,1485.0,0.115,0.451,1.0588235294117647,1.4912280701754383,0.9333333333333406,PRESENT,far_shield_2,normal_2
far_shield_2,54,270,275,26,1,0,62.0,75.0,-94.0,0.9607689228305228,-95.0,-92.0,-94.0,3.0,-1.0,201.8846153846154,145.61628367392817,632.0,0.064,0.202,1.5294117647058822,-1.8421052631578902,0.10555555555555907,PRESENT,far_shield_2,normal_2
far_shield_2,55,275,280,18,1,0,62.0,88.0,-93.77777777777777,2.122774797171422,-97.0,-90.0,-94.0,7.0,0.0,192.16666666666666,105.02393906999383,428.0,0.013,1.743,1.0588235294117647,-1.6198830409356617,-0.3111111111111107,PRESENT,far_shield_2,normal_2
far_shield_2,56,280,285,11,1,0,55.0,93.0,-95.45454545454545,2.0164611829835306,-99.0,-93.0,-94.0,6.0,-4.0,584.6363636363636,643.6716092044668,2229.0,0.486,0.312,0.6470588235294118,-3.2966507177033435,-0.14545454545454367,PRESENT,far_shield_2,normal_2
far_shield_2,57,285,290,17,1,0,46.0,108.0,-91.41176470588235,2.088028158741041,-98.0,-90.0,-90.0,8.0,4.0,302.70588235294116,542.0600970270062,2428.0,0.209,0.166,1.0,0.7461300309597618,0.23660130718954683,PRESENT,far_shield_2,normal_2
far_shield_2,58,290,295,35,1,0,63.0,125.0,-88.91428571428571,1.0789261479142405,-91.0,-88.0,-89.0,3.0,-1.0,147.37142857142857,94.23650663980213,628.0,0.042,0.008,2.0588235294117645,3.2436090225563987,0.6540259740259656,PRESENT,far_shield_2,normal_2
far_shield_2,59,295,300,12,1,0,64.0,119.0,-94.33333333333333,3.39934634239519,-99.0,-91.0,-93.0,8.0,-6.0,264.3333333333333,194.84880178116455,739.0,0.098,1.836,0.7058823529411765,-2.175438596491219,-0.29215686274510155,PRESENT,far_shield_2,normal_2
leave_1,0,0,5,28,1,0,,,-54.42857142857143,3.4270830102557586,-65.0,-46.0,-54.0,19.0,0.0,182.62962962962962,118.79616783573205,531.0,0.0,0.069,,,,PRESENT,leave_1,leave_1
leave_1,1,5,10,29,1,0,,,-59.6551724137931,2.9510472959082303,-63.0,-52.0,-61.0,11.0,-6.0,170.48275862068965,111.51236847733301,628.0,0.036,0.125,1.0357142857142858,-5.226600985221673,-1.0453201970443382,PRESENT,leave_1,leave_1
leave_1,2,10,15,26,1,0,83.0,,-55.92307692307692,4.681576632216289,-62.0,-48.0,-57.5,14.0,10.0,193.8846153846154,150.14924035338385,741.0,0.093,0.084,0.9122807017543859,1.1187949981053436,-0.1494505494505494,PRESENT,leave_1,leave_1
leave_1,3,15,20,31,1,0,86.0,,-55.38709677419355,2.7436427322535377,-60.0,-50.0,-56.0,10.0,-5.0,161.93548387096774,101.37408700002408,519.0,0.131,0.064,1.1071428571428572,0.5359801488833682,0.4268075639599539,PRESENT,leave_1,leave_1
leave_1,4,20,25,31,1,0,88.0,,-59.0,2.109884571066817,-62.0,-54.0,-60.0,8.0,0.0,161.41935483870967,110.62105446028957,639.0,0.138,0.06,1.087719298245614,-3.3449131513647643,-0.3076923076923069,PRESENT,leave_1,leave_1
leave_1,5,25,30,27,1,0,89.0,172.0,-54.888888888888886,1.8525924445036739,-59.0,-52.0,-54.0,7.0,-1.0,186.2962962962963,212.4517923208855,1176.0,1.116,0.03,0.9310344827586207,1.034188034188034,0.049820788530468334,PRESENT,leave_1,leave_1
leave_1,6,30,35,25,1,0,83.0,169.0,-58.6,3.8262252939417984,-66.0,-53.0,-59.0,13.0,-3.0,197.2,134.90025945119604,535.0,0.185,0.1,0.8771929824561403,-2.9449131513647657,0.04000000000000047,PRESENT,leave_1,leave_1
leave_1,7,35,40,31,1,0,83.0,171.0,-61.225806451612904,5.649491426836035,-71.0,-51.0,-61.0,20.0,8.0,162.5483870967742,93.78452954122822,533.0,0.433,0.061,1.087719298245614,-5.570719602977668,-0.6336917562724014,PRESENT,leave_1,leave_1
leave_1,8,40,45,28,1,0,84.0,173.0,-54.67857142857143,3.5762467499218413,-63.0,-50.0,-54.0,13.0,2.0,166.46428571428572,115.12120387501449,524.0,0.052,0.4,0.9824561403508771,0.9765154200638051,0.39214285714285774,PRESENT,leave_1,leave_1
leave_1,9,45,50,21,1,0,80.0,163.0,-65.04761904761905,7.319095640701276,-78.0,-54.0,-64.0,24.0,-3.0,254.33333333333334,143.37873035237936,630.0,0.011,0.059,0.7368421052631579,-9.392532198983815,-0.38218125960061483,PRESENT,leave_1,leave_1
leave_1,10,50,55,27,1,0,76.0,159.0,-57.592592592592595,5.552838841924873,-70.0,-50.0,-56.0,20.0,4.0,186.59259259259258,115.20939366898324,615.0,0.049,0.021,0.9473684210526315,-1.9375057439573595,-0.2914021164021183,PRESENT,leave_1,leave_1
leave_1,11,55,60,35,1,0,83.0,167.0,-53.714285714285715,4.849573934578045,-68.0,-47.0,-54.0,21.0,-2.0,141.14285714285714,64.78277674864907,318.0,0.297,0.081,1.2280701754385965,1.9408011343495204,1.1333333333333366,PRESENT,leave_1,leave_1
leave_1,12,60,65,31,1,0,93.0,173.0,-57.83870967741935,6.749417055800609,-75.0,-46.0,-57.0,29.0,-17.0,159.67741935483872,88.12212460530655,425.0,0.024,0.131,1.087719298245614,-2.1836228287841166,-0.02461170848267673,ABSENT,leave_1,leave_1
leave_1,13,65,70,26,1,0,92.0,168.0,-67.76923076923077,5.819778559808534,-83.0,-61.0,-66.0,22.0,-18.0,196.92307692307693,167.40529425432968,823.0,0.392,0.011,0.9122807017543859,-12.114143920595538,-1.4054945054945054,ABSENT,leave_1,leave_1
leave_1,14,70,75,20,1,0,77.0,160.0,-85.05,4.364344166080397,-93.0,-75.0,-84.0,18.0,1.0,247.85,175.858259686601,650.0,0.096,0.054,0.7017543859649122,-29.39491315136476,-2.721129032258066,ABSENT,leave_1,leave_1
leave_1,15,75,80,16,1,0,62.0,155.0,-86.875,3.7059917700933984,-95.0,-79.0,-87.5,16.0,-5.0,196.5625,156.94105929854686,630.0,0.055,1.909,0.5614035087719298,-31.219913151364764,-1.9105769230769214,ABSENT,leave_1,leave_1
leave_1,16,80,85,1,1,0,37.0,129.0,-102.0,0.0,-102.0,-102.0,-102.0,0.0,0.0,4630.0,0.0,4630.0,2.721,2.279,0.03508771929824561,-46.344913151364764,-1.6949999999999963,ABSENT,leave_1,leave_1
leave_1,17,85,90,0,0,1,17.0,94.0,,,,,,,,,,,,7.279,0.0,,,ABSENT,leave_1,leave_1
leave_1,18,90,95,0,0,2,1.0,63.0,,,,,,,,,,,,12.279,0.0,,,ABSENT,leave_1,leave_1
leave_1,19,95,100,0,0,3,0.0,37.0,,,,,,,,,,,,17.279,0.0,,,ABSENT,leave_1,leave_1
leave_1,20,100,105,0,0,4,0.0,17.0,,,,,,,,,,,,22.279,0.0,,,ABSENT,leave_1,leave_1
leave_1,21,105,110,0,0,5,0.0,1.0,,,,,,,,,,,,27.279,0.0,,,ABSENT,leave_1,leave_1
leave_1,22,110,115,0,0,6,0.0,0.0,,,,,,,,,,,,32.279,0.0,,,ABSENT,leave_1,leave_1
leave_1,23,115,120,0,0,7,0.0,0.0,,,,,,,,,,,,37.279,0.0,,,ABSENT,leave_1,leave_1
leave_1,24,120,125,0,0,8,0.0,0.0,,,,,,,,,,,,42.279,0.0,,,ABSENT,leave_1,leave_1
leave_1,25,125,130,0,0,9,0.0,0.0,,,,,,,,,,,,47.279,0.0,,,ABSENT,leave_1,leave_1
leave_1,26,130,135,0,0,10,0.0,0.0,,,,,,,,,,,,52.279,0.0,,,ABSENT,leave_1,leave_1
leave_1,27,135,140,0,0,11,0.0,0.0,,,,,,,,,,,,57.279,0.0,,,ABSENT,leave_1,leave_1
leave_1,28,140,145,0,0,12,0.0,0.0,,,,,,,,,,,,62.279,0.0,,,ABSENT,leave_1,leave_1
leave_1,29,145,150,0,0,13,0.0,0.0,,,,,,,,,,,,67.279,0.0,,,ABSENT,leave_1,leave_1
leave_1,30,150,155,0,0,14,0.0,0.0,,,,,,,,,,,,72.279,0.0,,,ABSENT,leave_1,leave_1
leave_1,31,155,160,0,0,15,0.0,0.0,,,,,,,,,,,,77.279,0.0,,,ABSENT,leave_1,leave_1
leave_1,32,160,165,0,0,16,0.0,0.0,,,,,,,,,,,,82.279,0.0,,,ABSENT,leave_1,leave_1
leave_1,33,165,170,0,0,17,0.0,0.0,,,,,,,,,,,,87.279,0.0,,,ABSENT,leave_1,leave_1
leave_1,34,170,175,0,0,18,0.0,0.0,,,,,,,,,,,,92.279,0.0,,,ABSENT,leave_1,leave_1
leave_1,35,175,180,5,1,0,5.0,5.0,-92.4,4.317406628984581,-96.0,-85.0,-95.0,11.0,-11.0,19386.0,37249.8834199518,93885.0,1.606,0.349,0.17543859649122806,-36.74491315136477,,ABSENT,leave_1,leave_1
leave_1,36,180,185,10,1,0,15.0,15.0,-88.6,3.8522720568516444,-95.0,-84.0,-87.0,11.0,9.0,521.4,417.0516035216745,1344.0,0.079,0.135,0.3508771929824561,-32.94491315136476,0.7599999999999946,PRESENT,leave_1,leave_1
leave_1,37,185,190,8,1,0,23.0,23.0,-74.875,5.085211401701998,-86.0,-69.0,-74.0,17.0,15.0,603.25,510.3037698273451,1793.0,0.176,0.309,0.2807017543859649,-19.219913151364764,1.75249999999999,PRESENT,leave_1,leave_1
leave_1,38,190,195,19,1,0,37.0,42.0,-79.42105263157895,6.02027967066476,-92.0,-68.0,-79.0,24.0,19.0,274.4736842105263,160.18553992859677,621.0,0.107,0.094,0.6666666666666666,-23.76596578294371,0.9178947368421031,PRESENT,leave_1,leave_1
leave_1,39,195,200,22,1,0,49.0,64.0,-65.36363636363636,6.071883447089653,-81.0,-55.0,-64.0,26.0,9.0,205.9090909090909,151.03217871786285,550.0,0.44,0.564,0.7719298245614035,-9.708549515001124,0.9511363636363488,PRESENT,leave_1,leave_1
leave_1,40,200,205,25,1,0,66.0,89.0,-63.52,3.52272621700864,-74.0,-56.0,-64.0,18.0,-9.0,221.36,159.98696946939148,714.0,0.15,0.03,0.8771929824561403,-7.864913151364767,1.590105263157898,PRESENT,leave_1,leave_1
leave_1,41,205,210,23,1,0,70.0,107.0,-62.73913043478261,1.3899449880996328,-66.0,-61.0,-62.0,5.0,3.0,215.2608695652174,140.8919466922156,633.0,0.292,0.079,0.8070175438596491,-7.084043586147374,0.26245059288537526,PRESENT,leave_1,leave_1
leave_1,42,210,215,25,1,0,73.0,122.0,-63.92,4.807660553741289,-71.0,-56.0,-64.0,15.0,-6.0,200.8,163.1168906030274,843.0,0.023,0.059,0.8771929824561403,-8.264913151364766,-0.03999999999999907,PRESENT,leave_1,leave_1
leave_1,43,215,220,27,1,0,75.0,141.0,-64.03703703703704,3.4045882057130066,-72.0,-61.0,-62.0,11.0,5.0,186.2962962962963,136.1705942082332,738.0,0.043,0.029,0.9473684210526315,-8.381950188401802,-0.12979066022544233,PRESENT,leave_1,leave_1
leave_1,44,220,225,29,1,0,81.0,151.0,-57.0,2.876779808912305,-71.0,-56.0,-56.0,15.0,-9.0,170.06896551724137,108.48452329932398,532.0,0.281,0.097,1.0175438596491229,-1.3449131513647643,0.6920000000000047,PRESENT,leave_1,leave_1
leave_1,45,225,230,21,1,0,77.0,150.0,-68.57142857142857,4.203982562732046,-73.0,-61.0,-71.0,12.0,12.0,228.57142857142858,156.38248940721363,623.0,0.005,0.297,0.7368421052631579,-12.916341722793334,-0.4534391534391412,PRESENT,leave_1,leave_1
leave_1,46,230,235,24,1,0,74.0,149.0,-62.375,4.3857011982122085,-74.0,-59.0,-60.0,15.0,2.0,219.0,125.8302427876542,638.0,0.016,0.041,0.8421052631578947,-6.719913151364764,-0.5375000000000005,PRESENT,leave_1,leave_1
leave_1,47,235,240,32,1,0,77.0,158.0,-62.5,2.449489742783178,-67.0,-59.0,-63.0,8.0,-3.0,157.0,94.524798333559,416.0,0.063,0.017,1.1228070175438596,-6.844913151364764,0.6071428571428572,PRESENT,leave_1,leave_1
leave_1,48,240,245,7,1,0,63.0,140.0,-69.28571428571429,6.797358430497326,-79.0,-63.0,-65.0,16.0,-12.0,618.2857142857143,1084.9518375466803,3270.0,0.3,0.689,0.24561403508771928,-13.630627437079056,-0.6910714285714159,PRESENT,leave_1,leave_1
leave_1,49,245,250,31,1,0,70.0,144.0,-60.03225806451613,1.7867590224679006,-65.0,-58.0,-60.0,7.0,-3.0,175.8709677419355,129.4316962565108,738.0,0.049,0.237,1.087719298245614,-4.377171215880892,0.24677419354837912,PRESENT,leave_1,leave_1
leave_1,50,250,255,25,1,0,63.0,140.0,-63.64,1.5717506163510802,-68.0,-61.0,-63.0,7.0,-4.0,191.8,114.96677780993952,428.0,0.067,0.442,0.8771929824561403,-7.984913151364765,0.5645714285714267,PRESENT,leave_1,leave_1
leave_1,51,255,260,25,1,0,81.0,144.0,-62.36,3.3926980413824044,-68.0,-59.0,-60.0,9.0,7.0,213.52,150.5898057638697,540.0,0.073,0.104,0.8771929824561403,-6.704913151364764,-0.23277419354838588,PRESENT,leave_1,leave_1
leave_1,52,260,265,32,1,0,82.0,152.0,-59.9375,0.34798527267687634,-61.0,-59.0,-60.0,2.0,0.0,158.21875,73.98130438453691,327.0,0.007,0.041,1.1228070175438596,-4.282413151364764,0.37025000000000585,PRESENT,leave_1,leave_1
leave_1,53,265,270,19,1,0,76.0,139.0,-64.78947368421052,2.83917978089709,-67.0,-60.0,-66.0,7.0,0.0,248.57894736842104,372.7991297411169,1765.0,0.175,0.318,0.6666666666666666,-9.134386835575285,-0.24294736842105363,PRESENT,leave_1,leave_1
leave_1,54,270,275,32,1,0,83.0,164.0,-61.71875,0.7173900177030623,-63.0,-60.0,-62.0,3.0,0.0,163.71875,91.91104203760014,423.0,0.105,0.079,1.1228070175438596,-6.063663151364764,-0.1781250000000023,PRESENT,leave_1,leave_1
leave_1,55,275,280,19,1,0,70.0,152.0,-63.8421052631579,3.3758142549104373,-70.0,-60.0,-62.0,10.0,-7.0,260.89473684210526,225.30958695159683,953.0,0.134,0.122,0.6666666666666666,-8.187018414522662,0.09473684210526159,PRESENT,leave_1,leave_1
leave_1,56,280,285,24,1,0,75.0,151.0,-63.416666666666664,3.6732894734223653,-70.0,-60.0,-61.5,10.0,9.0,211.375,130.97799194902936,628.0,0.092,0.049,0.8421052631578947,-7.761579818031429,-0.16979166666666626,PRESENT,leave_1,leave_1
leave_1,57,285,290,24,1,0,67.0,150.0,-62.291666666666664,4.188070027537213,-81.0,-60.0,-61.0,21.0,-20.0,209.70833333333334,116.61384965155534,518.0,0.06,0.016,0.8421052631578947,-6.636579818031429,0.15504385964912712,PRESENT,leave_1,leave_1
leave_1,58,290,295,20,1,0,68.0,138.0,-71.35,6.010615609070339,-83.0,-61.0,-73.0,22.0,14.0,241.05,199.51127161140545,743.0,0.299,0.195,0.7017543859649122,-15.694913151364759,-0.7933333333333245,PRESENT,leave_1,leave_1
leave_1,59,295,300,27,1,0,71.0,146.0,-58.25925925925926,4.710843225553956,-63.0,-50.0,-61.0,13.0,-2.0,189.96296296296296,149.22999437395447,633.0,0.016,0.066,0.9473684210526315,-2.604172410624024,0.40324074074074184,PRESENT,leave_1,leave_1
leave_1,60,300,305,3,1,0,50.0,117.0,-64.0,5.0990195135927845,-69.0,-57.0,-66.0,12.0,-12.0,1409.3333333333333,1845.3184609227271,4019.0,0.044,0.838,0.10526315789473684,-8.344913151364764,0.7350000000000027,ABSENT,leave_1,leave_1
leave_1,61,305,310,2,1,0,32.0,100.0,-71.5,3.5,-75.0,-68.0,-71.5,7.0,-7.0,2797.5,885.5,3683.0,1.074,0.243,0.07017543859649122,-15.844913151364764,-1.3240740740740833,ABSENT,leave_1,leave_1
leave_1,62,310,315,2,1,0,7.0,78.0,-90.5,0.5,-91.0,-90.0,-90.5,1.0,-1.0,1791.0,102.0,1893.0,1.446,1.661,0.07017543859649122,-34.844913151364764,-2.6500000000000115,ABSENT,leave_1,leave_1
leave_1,63,315,320,2,1,0,6.0,56.0,-91.0,0.0,-91.0,-91.0,-91.0,0.0,0.0,1982.5,97.5,2080.0,0.224,2.696,0.07017543859649122,-35.344913151364764,-1.9500000000000322,ABSENT,leave_1,leave_1
leave_1,64,320,325,0,0,1,4.0,36.0,,,,,,,,,,,,7.696,0.0,,,ABSENT,leave_1,leave_1
leave_1,65,325,330,1,1,0,3.0,10.0,-98.0,0.0,-98.0,-98.0,-98.0,0.0,0.0,10785.0,0.0,10785.0,3.089,1.911,0.03508771929824561,-42.344913151364764,,ABSENT,leave_1,leave_1
leave_1,66,330,335,0,0,1,1.0,7.0,,,,,,,,,,,,6.911,0.0,,,ABSENT,leave_1,leave_1
leave_1,67,335,340,1,1,0,2.0,6.0,-97.0,0.0,-97.0,-97.0,-97.0,0.0,0.0,11328.0,0.0,11328.0,4.417,0.583,0.03508771929824561,-41.344913151364764,,ABSENT,leave_1,leave_1
leave_1,68,340,345,0,0,1,1.0,4.0,,,,,,,,,,,,5.583,0.0,,,ABSENT,leave_1,leave_1
leave_1,69,345,350,0,0,2,1.0,2.0,,,,,,,,,,,,10.583,0.0,,,ABSENT,leave_1,leave_1
leave_1,70,350,355,0,0,3,0.0,2.0,,,,,,,,,,,,15.583,0.0,,,ABSENT,leave_1,leave_1
leave_1,71,355,360,0,0,4,0.0,1.0,,,,,,,,,,,,20.583,0.0,,,ABSENT,leave_1,leave_1
leave_1,72,360,365,0,0,5,0.0,1.0,,,,,,,,,,,,25.583,0.0,,,ABSENT,leave_1,leave_1
leave_1,73,365,370,0,0,6,0.0,0.0,,,,,,,,,,,,30.583,0.0,,,ABSENT,leave_1,leave_1
leave_1,74,370,375,0,0,7,0.0,0.0,,,,,,,,,,,,35.583,0.0,,,ABSENT,leave_1,leave_1
leave_1,75,375,380,0,0,8,0.0,0.0,,,,,,,,,,,,40.583,0.0,,,ABSENT,leave_1,leave_1
leave_1,76,380,385,0,0,9,0.0,0.0,,,,,,,,,,,,45.583,0.0,,,ABSENT,leave_1,leave_1
leave_1,77,385,390,0,0,10,0.0,0.0,,,,,,,,,,,,50.583,0.0,,,ABSENT,leave_1,leave_1
leave_1,78,390,395,0,0,11,0.0,0.0,,,,,,,,,,,,55.583,0.0,,,ABSENT,leave_1,leave_1
leave_1,79,395,400,0,0,12,0.0,0.0,,,,,,,,,,,,60.583,0.0,,,ABSENT,leave_1,leave_1
leave_1,80,400,405,0,0,13,0.0,0.0,,,,,,,,,,,,65.583,0.0,,,ABSENT,leave_1,leave_1
leave_1,81,405,410,0,0,14,0.0,0.0,,,,,,,,,,,,70.583,0.0,,,ABSENT,leave_1,leave_1
leave_1,82,410,415,0,0,15,0.0,0.0,,,,,,,,,,,,75.583,0.0,,,ABSENT,leave_1,leave_1
leave_1,83,415,420,0,0,16,0.0,0.0,,,,,,,,,,,,80.583,0.0,,,ABSENT,leave_1,leave_1
leave_1,84,420,425,5,1,0,5.0,5.0,-93.0,6.164414002968976,-101.0,-87.0,-89.0,14.0,13.0,17115.2,32461.637687584403,82023.0,1.44,0.007,0.17543859649122806,-37.344913151364764,,PRESENT,leave_1,leave_1
leave_1,85,425,430,3,1,0,8.0,8.0,-87.0,1.4142135623730951,-89.0,-86.0,-86.0,3.0,-3.0,1335.3333333333333,895.3451227816505,2197.0,0.094,1.001,0.10526315789473684,-31.344913151364764,1.200000000000004,PRESENT,leave_1,leave_1
leave_1,86,430,435,4,1,0,12.0,12.0,-82.5,2.692582403567252,-85.0,-78.0,-83.5,7.0,7.0,1385.25,773.6133966652852,1994.0,0.459,0.46,0.14035087719298245,-26.844913151364764,1.0499999999999932,PRESENT,leave_1,leave_1
leave_1,87,435,440,3,1,0,10.0,15.0,-77.33333333333333,7.586537784494029,-88.0,-71.0,-73.0,17.0,2.0,1788.3333333333333,161.67731923666832,1985.0,1.129,0.095,0.10526315789473684,-21.678246484698093,0.9666666666666748,PRESENT,leave_1,leave_1
leave_1,88,440,445,2,1,0,9.0,17.0,-62.0,7.0,-69.0,-55.0,-62.0,14.0,-14.0,1932.0,1834.0,3766.0,3.671,1.231,0.07017543859649122,-6.344913151364764,2.0500000000000083,PRESENT,leave_1,leave_1
leave_1,89,445,450,5,1,0,10.0,22.0,-58.2,4.214261501141095,-66.0,-54.0,-58.0,12.0,11.0,1078.2,804.989788755112,1890.0,0.659,0.84,0.17543859649122806,-2.544913151364767,1.913333333333361,PRESENT,leave_1,leave_1
leave_1,90,450,455,4,1,0,11.0,21.0,-57.25,0.82915619758885,-58.0,-56.0,-57.5,2.0,-2.0,1422.5,1474.2843178980097,3680.0,0.955,0.15,0.14035087719298245,-1.5949131513647643,0.4749999999999949,PRESENT,leave_1,leave_1
leave_1,91,455,460,1,1,0,10.0,19.0,-54.0,0.0,-54.0,-54.0,-54.0,0.0,0.0,1757.0,0.0,1757.0,1.607,3.393,0.03508771929824561,1.6550868486352357,0.42000000000000076,PRESENT,leave_1,leave_1
leave_1,92,460,465,2,1,0,7.0,17.0,-68.0,7.0,-75.0,-61.0,-68.0,14.0,-14.0,3870.5,1873.5,5744.0,2.351,0.652,0.07017543859649122,-12.344913151364764,-1.074999999999997,PRESENT,leave_1,leave_1
leave_1,93,465,470,4,1,0,7.0,18.0,-60.0,4.527692569068709,-65.0,-55.0,-60.0,10.0,8.0,1343.0,1389.2841681959815,3469.0,1.045,0.28,0.14035087719298245,-4.344913151364764,-0.5999999999999888,PRESENT,leave_1,leave_1
leave_1,94,470,475,4,1,0,10.0,20.0,-70.5,2.29128784747792,-73.0,-67.0,-71.0,6.0,5.0,947.5,843.6176562874914,1810.0,1.53,1.49,0.14035087719298245,-14.844913151364764,-0.25000000000000555,PRESENT,leave_1,leave_1
leave_1,95,475,480,4,1,0,12.0,19.0,-59.75,1.299038105676658,-61.0,-58.0,-60.0,3.0,-3.0,1442.75,788.9367449295286,2099.0,0.195,0.719,0.14035087719298245,-4.094913151364764,0.02500000000001701,PRESENT,leave_1,leave_1
leave_2,0,0,5,41,1,0,,,-46.78048780487805,2.2900867501083906,-54.0,-45.0,-46.0,9.0,8.0,123.85,44.789256524305024,304.0,0.0,0.046,,,,PRESENT,leave_2,leave_2
leave_2,1,5,10,43,1,0,,,-49.86046511627907,5.572279377246393,-69.0,-46.0,-47.0,23.0,-10.0,117.06976744186046,34.705669631878294,220.0,0.053,0.012,1.048780487804878,-3.0799773114010236,-0.6159954622802065,PRESENT,leave_2,leave_2
leave_2,2,10,15,42,1,0,126.0,,-50.833333333333336,6.1136719021373835,-68.0,-44.0,-49.0,24.0,11.0,119.02380952380952,43.097059945705325,317.0,0.088,0.013,1.0,-2.5128568727547744,-0.40528455284552817,PRESENT,leave_2,leave_2
leave_2,3,15,20,41,1,0,126.0,,-48.41463414634146,3.944589438935421,-59.0,-42.0,-47.0,17.0,-4.0,121.8780487804878,47.645128802761846,319.0,0.091,0.016,0.9761904761904762,1.4458309699376102,0.14458309699375935,PRESENT,leave_2,leave_2
leave_2,4,20,25,43,1,0,126.0,,-56.18604651162791,4.784936703202105,-68.0,-47.0,-55.0,21.0,-1.0,116.44186046511628,42.33603244341984,327.0,0.193,0.009,1.036144578313253,-7.048496880317643,-0.535271317829456,PRESENT,leave_2,leave_2
leave_2,5,25,30,41,1,0,125.0,251.0,-56.51219512195122,6.012677465438409,-68.0,-43.0,-56.0,25.0,0.0,120.8048780487805,38.96854235505622,222.0,0.093,0.056,0.9761904761904762,-6.65173000567215,-0.8097560975609764,PRESENT,leave_2,leave_2
leave_2,6,30,35,39,1,0,123.0,249.0,-48.07692307692308,4.238919887730324,-59.0,-40.0,-47.0,19.0,8.0,128.84615384615384,56.95411489221669,325.0,0.269,0.031,0.9397590361445783,2.2699761478831277,0.8109123434704818,PRESENT,leave_2,leave_2
leave_2,7,35,40,41,1,0,121.0,247.0,-39.90243902439025,1.8584661660047552,-45.0,-37.0,-39.0,8.0,0.0,121.17073170731707,39.94746699074673,236.0,0.186,0.063,0.9879518072289156,10.44446020041596,1.6609756097560946,PRESENT,leave_2,leave_2
leave_2,8,40,45,41,1,0,121.0,246.0,-44.41463414634146,3.4498187280486206,-52.0,-39.0,-44.0,13.0,-3.0,123.09756097560975,52.833288138394096,326.0,0.041,0.016,0.9879518072289156,5.932265078464745,0.36622889305816103,PRESENT,leave_2,leave_2
leave_2,9,45,50,38,1,0,120.0,243.0,-46.10526315789474,7.250370130966494,-61.0,-39.0,-41.0,22.0,7.0,130.31578947368422,46.065231359086916,226.0,0.088,0.064,0.9156626506024096,4.241636066911468,-0.6202824133504483,PRESENT,leave_2,leave_2
leave_2,10,50,55,40,1,0,119.0,240.0,-40.2,0.6,-41.0,-39.0,-40.0,2.0,0.0,125.6,49.329909791119626,320.0,0.043,0.04,0.963855421686747,10.146899224806205,0.421463414634147,PRESENT,leave_2,leave_2
leave_2,11,55,60,44,1,0,122.0,243.0,-47.93181818181818,2.691719012019907,-54.0,-41.0,-48.0,13.0,-10.0,112.43181818181819,26.915184736900613,218.0,0.076,0.093,1.0602409638554218,2.415081042988028,-0.18265550239234327,PRESENT,leave_2,leave_2
leave_2,12,60,65,37,1,0,121.0,241.0,-64.72972972972973,7.243444934666693,-80.0,-50.0,-64.0,30.0,-23.0,136.05405405405406,64.0088448051859,323.0,0.011,0.059,0.891566265060241,-14.382830504923518,-2.4529729729729706,ABSENT,leave_2,leave_2
leave_2,13,65,70,37,1,0,118.0,237.0,-71.5945945945946,6.073689201080521,-85.0,-60.0,-71.0,25.0,-8.0,136.24324324324326,59.13448045489672,316.0,0.044,0.018,0.891566265060241,-21.24769536978839,-2.36627764127764,ABSENT,leave_2,leave_2
leave_2,14,70,75,30,1,0,104.0,226.0,-83.73333333333333,6.04942605174702,-99.0,-76.0,-84.5,23.0,-11.0,157.73333333333332,100.7028411824722,525.0,0.085,0.286,0.7228915662650602,-33.386434108527126,-1.900360360360361,ABSENT,leave_2,leave_2
leave_2,15,75,80,23,1,0,90.0,211.0,-91.95652173913044,3.883949814630833,-99.0,-84.0,-93.0,15.0,-12.0,226.95652173913044,172.22292890342916,635.0,0.028,0.066,0.5542168674698795,-41.60962251432423,-2.0361927144535805,ABSENT,leave_2,leave_2
leave_2,16,80,85,7,1,0,60.0,178.0,-98.28571428571429,1.577908716741037,-101.0,-96.0,-98.0,5.0,-2.0,570.1428571428571,305.10767587451977,1171.0,0.042,1.075,0.1686746987951807,-47.938815060908084,-1.4552380952380926,ABSENT,leave_2,leave_2
leave_2,17,85,90,13,1,0,43.0,147.0,-93.84615384615384,0.532938710021193,-95.0,-93.0,-94.0,2.0,-1.0,444.15384615384613,1119.8064287499972,4321.0,3.246,0.301,0.3132530120481928,-43.49925462134763,-0.18896321070234315,ABSENT,leave_2,leave_2
leave_2,18,90,95,21,1,0,41.0,131.0,-95.47619047619048,1.1799534946060826,-98.0,-94.0,-95.0,4.0,-1.0,246.8095238095238,327.8025856325607,1572.0,0.237,0.118,0.5060240963855421,-45.129291251384274,0.2809523809523788,ABSENT,leave_2,leave_2
leave_2,19,95,100,17,1,0,51.0,111.0,-93.88235294117646,3.9389809512431078,-99.0,-86.0,-95.0,13.0,12.0,295.5882352941176,253.98032782169415,1050.0,0.288,0.093,0.40963855421686746,-43.535453716370256,-0.0036199095022644095,ABSENT,leave_2,leave_2
leave_2,20,100,105,19,1,0,57.0,100.0,-88.0,2.973567766700113,-94.0,-83.0,-89.0,11.0,-1.0,244.3684210526316,194.11993322802863,851.0,0.226,0.45,0.4578313253012048,-37.65310077519379,0.7476190476190561,ABSENT,leave_2,leave_2
leave_2,21,105,110,0,0,1,36.0,77.0,,,,,,,,,,,,5.45,0.0,,,ABSENT,leave_2,leave_2
leave_2,22,110,115,0,0,2,19.0,70.0,,,,,,,,,,,,10.45,0.0,,,ABSENT,leave_2,leave_2
leave_2,23,115,120,0,0,3,0.0,57.0,,,,,,,,,,,,15.45,0.0,,,ABSENT,leave_2,leave_2
leave_2,24,120,125,0,0,4,0.0,36.0,,,,,,,,,,,,20.45,0.0,,,ABSENT,leave_2,leave_2
leave_2,25,125,130,0,0,5,0.0,19.0,,,,,,,,,,,,25.45,0.0,,,ABSENT,leave_2,leave_2
leave_2,26,130,135,0,0,6,0.0,0.0,,,,,,,,,,,,30.45,0.0,,,ABSENT,leave_2,leave_2
leave_2,27,135,140,0,0,7,0.0,0.0,,,,,,,,,,,,35.45,0.0,,,ABSENT,leave_2,leave_2
leave_2,28,140,145,0,0,8,0.0,0.0,,,,,,,,,,,,40.45,0.0,,,ABSENT,leave_2,leave_2
leave_2,29,145,150,0,0,9,0.0,0.0,,,,,,,,,,,,45.45,0.0,,,ABSENT,leave_2,leave_2
leave_2,30,150,155,0,0,10,0.0,0.0,,,,,,,,,,,,50.45,0.0,,,ABSENT,leave_2,leave_2
leave_2,31,155,160,0,0,11,0.0,0.0,,,,,,,,,,,,55.45,0.0,,,ABSENT,leave_2,leave_2
leave_2,32,160,165,0,0,12,0.0,0.0,,,,,,,,,,,,60.45,0.0,,,ABSENT,leave_2,leave_2
leave_2,33,165,170,0,0,13,0.0,0.0,,,,,,,,,,,,65.45,0.0,,,ABSENT,leave_2,leave_2
leave_2,34,170,175,0,0,14,0.0,0.0,,,,,,,,,,,,70.45,0.0,,,ABSENT,leave_2,leave_2
leave_2,35,175,180,0,0,15,0.0,0.0,,,,,,,,,,,,75.45,0.0,,,ABSENT,leave_2,leave_2
leave_2,36,180,185,0,0,16,0.0,0.0,,,,,,,,,,,,80.45,0.0,,,ABSENT,leave_2,leave_2
leave_2,37,185,190,0,0,17,0.0,0.0,,,,,,,,,,,,85.45,0.0,,,ABSENT,leave_2,leave_2
leave_2,38,190,195,0,0,18,0.0,0.0,,,,,,,,,,,,90.45,0.0,,,ABSENT,leave_2,leave_2
leave_2,39,195,200,0,0,19,0.0,0.0,,,,,,,,,,,,95.45,0.0,,,ABSENT,leave_2,leave_2
leave_2,40,200,205,0,0,20,0.0,0.0,,,,,,,,,,,,100.45,0.0,,,ABSENT,leave_2,leave_2
leave_2,41,205,210,0,0,21,0.0,0.0,,,,,,,,,,,,105.45,0.0,,,ABSENT,leave_2,leave_2
leave_2,42,210,215,0,0,22,0.0,0.0,,,,,,,,,,,,110.45,0.0,,,ABSENT,leave_2,leave_2
leave_2,43,215,220,0,0,23,0.0,0.0,,,,,,,,,,,,115.45,0.0,,,ABSENT,leave_2,leave_2
leave_2,44,220,225,0,0,24,0.0,0.0,,,,,,,,,,,,120.45,0.0,,,ABSENT,leave_2,leave_2
leave_2,45,225,230,0,0,25,0.0,0.0,,,,,,,,,,,,125.45,0.0,,,ABSENT,leave_2,leave_2
leave_2,46,230,235,0,0,26,0.0,0.0,,,,,,,,,,,,130.45,0.0,,,ABSENT,leave_2,leave_2
leave_2,47,235,240,0,0,27,0.0,0.0,,,,,,,,,,,,135.45,0.0,,,ABSENT,leave_2,leave_2
leave_2,48,240,245,0,0,28,0.0,0.0,,,,,,,,,,,,140.45,0.0,,,ABSENT,leave_2,leave_2
leave_2,49,245,250,0,0,29,0.0,0.0,,,,,,,,,,,,145.45,0.0,,,ABSENT,leave_2,leave_2
leave_2,50,250,255,0,0,30,0.0,0.0,,,,,,,,,,,,150.45,0.0,,,ABSENT,leave_2,leave_2
leave_2,51,255,260,0,0,31,0.0,0.0,,,,,,,,,,,,155.45,0.0,,,ABSENT,leave_2,leave_2
leave_2,52,260,265,0,0,32,0.0,0.0,,,,,,,,,,,,160.45,0.0,,,ABSENT,leave_2,leave_2
leave_2,53,265,270,0,0,33,0.0,0.0,,,,,,,,,,,,165.45,0.0,,,ABSENT,leave_2,leave_2
leave_2,54,270,275,0,0,34,0.0,0.0,,,,,,,,,,,,170.45,0.0,,,ABSENT,leave_2,leave_2
leave_2,55,275,280,0,0,35,0.0,0.0,,,,,,,,,,,,175.45,0.0,,,ABSENT,leave_2,leave_2
leave_2,56,280,285,0,0,36,0.0,0.0,,,,,,,,,,,,180.45,0.0,,,ABSENT,leave_2,leave_2
leave_2,57,285,290,0,0,37,0.0,0.0,,,,,,,,,,,,185.45,0.0,,,ABSENT,leave_2,leave_2
leave_2,58,290,295,0,0,38,0.0,0.0,,,,,,,,,,,,190.45,0.0,,,ABSENT,leave_2,leave_2
leave_2,59,295,300,0,0,39,0.0,0.0,,,,,,,,,,,,195.45,0.0,,,ABSENT,leave_2,leave_2
leave_2,60,300,305,0,0,40,0.0,0.0,,,,,,,,,,,,200.45,0.0,,,ABSENT,leave_2,leave_2
leave_2,61,305,310,0,0,41,0.0,0.0,,,,,,,,,,,,205.45,0.0,,,ABSENT,leave_2,leave_2
leave_2,62,310,315,0,0,42,0.0,0.0,,,,,,,,,,,,210.45,0.0,,,ABSENT,leave_2,leave_2
leave_2,63,315,320,0,0,43,0.0,0.0,,,,,,,,,,,,215.45,0.0,,,ABSENT,leave_2,leave_2
leave_2,64,320,325,0,0,44,0.0,0.0,,,,,,,,,,,,220.45,0.0,,,ABSENT,leave_2,leave_2
leave_2,65,325,330,0,0,45,0.0,0.0,,,,,,,,,,,,225.45,0.0,,,ABSENT,leave_2,leave_2
leave_2,66,330,335,0,0,46,0.0,0.0,,,,,,,,,,,,230.45,0.0,,,ABSENT,leave_2,leave_2
leave_2,67,335,340,0,0,47,0.0,0.0,,,,,,,,,,,,235.45,0.0,,,ABSENT,leave_2,leave_2
leave_2,68,340,345,0,0,48,0.0,0.0,,,,,,,,,,,,240.45,0.0,,,ABSENT,leave_2,leave_2
leave_2,69,345,350,0,0,49,0.0,0.0,,,,,,,,,,,,245.45,0.0,,,ABSENT,leave_2,leave_2
leave_2,70,350,355,0,0,50,0.0,0.0,,,,,,,,,,,,250.45,0.0,,,ABSENT,leave_2,leave_2
leave_2,71,355,360,0,0,51,0.0,0.0,,,,,,,,,,,,255.45,0.0,,,ABSENT,leave_2,leave_2
leave_2,72,360,365,0,0,52,0.0,0.0,,,,,,,,,,,,260.45,0.0,,,ABSENT,leave_2,leave_2
leave_2,73,365,370,0,0,53,0.0,0.0,,,,,,,,,,,,265.45,0.0,,,ABSENT,leave_2,leave_2
leave_2,74,370,375,0,0,54,0.0,0.0,,,,,,,,,,,,270.45,0.0,,,ABSENT,leave_2,leave_2
leave_2,75,375,380,0,0,55,0.0,0.0,,,,,,,,,,,,275.45,0.0,,,ABSENT,leave_2,leave_2
leave_2,76,380,385,0,0,56,0.0,0.0,,,,,,,,,,,,280.45,0.0,,,ABSENT,leave_2,leave_2
leave_2,77,385,390,0,0,57,0.0,0.0,,,,,,,,,,,,285.45,0.0,,,ABSENT,leave_2,leave_2
leave_2,78,390,395,0,0,58,0.0,0.0,,,,,,,,,,,,290.45,0.0,,,ABSENT,leave_2,leave_2
leave_2,79,395,400,0,0,59,0.0,0.0,,,,,,,,,,,,295.45,0.0,,,ABSENT,leave_2,leave_2
leave_2,80,400,405,0,0,60,0.0,0.0,,,,,,,,,,,,300.45,0.0,,,ABSENT,leave_2,leave_2
leave_2,81,405,410,0,0,61,0.0,0.0,,,,,,,,,,,,305.45,0.0,,,ABSENT,leave_2,leave_2
leave_2,82,410,415,0,0,62,0.0,0.0,,,,,,,,,,,,310.45,0.0,,,ABSENT,leave_2,leave_2
leave_2,83,415,420,0,0,63,0.0,0.0,,,,,,,,,,,,315.45,0.0,,,ABSENT,leave_2,leave_2
leave_2,84,420,425,0,0,64,0.0,0.0,,,,,,,,,,,,320.45,0.0,,,ABSENT,leave_2,leave_2
leave_2,85,425,430,0,0,65,0.0,0.0,,,,,,,,,,,,325.45,0.0,,,ABSENT,leave_2,leave_2
leave_2,86,430,435,0,0,66,0.0,0.0,,,,,,,,,,,,330.45,0.0,,,ABSENT,leave_2,leave_2
leave_2,87,435,440,0,0,67,0.0,0.0,,,,,,,,,,,,335.45,0.0,,,ABSENT,leave_2,leave_2
leave_2,88,440,445,0,0,68,0.0,0.0,,,,,,,,,,,,340.45,0.0,,,ABSENT,leave_2,leave_2
leave_2,89,445,450,0,0,69,0.0,0.0,,,,,,,,,,,,345.45,0.0,,,ABSENT,leave_2,leave_2
leave_2,90,450,455,0,0,70,0.0,0.0,,,,,,,,,,,,350.45,0.0,,,ABSENT,leave_2,leave_2
leave_2,91,455,460,0,0,71,0.0,0.0,,,,,,,,,,,,355.45,0.0,,,ABSENT,leave_2,leave_2
leave_2,92,460,465,0,0,72,0.0,0.0,,,,,,,,,,,,360.45,0.0,,,ABSENT,leave_2,leave_2
leave_2,93,465,470,0,0,73,0.0,0.0,,,,,,,,,,,,365.45,0.0,,,ABSENT,leave_2,leave_2
leave_2,94,470,475,0,0,74,0.0,0.0,,,,,,,,,,,,370.45,0.0,,,ABSENT,leave_2,leave_2
leave_2,95,475,480,0,0,75,0.0,0.0,,,,,,,,,,,,375.45,0.0,,,ABSENT,leave_2,leave_2
leave_2,96,480,485,0,0,76,0.0,0.0,,,,,,,,,,,,380.45,0.0,,,ABSENT,leave_2,leave_2
leave_2,97,485,490,0,0,77,0.0,0.0,,,,,,,,,,,,385.45,0.0,,,ABSENT,leave_2,leave_2
leave_2,98,490,495,0,0,78,0.0,0.0,,,,,,,,,,,,390.45,0.0,,,ABSENT,leave_2,leave_2
leave_2,99,495,500,0,0,79,0.0,0.0,,,,,,,,,,,,395.45,0.0,,,ABSENT,leave_2,leave_2
leave_2,100,500,505,0,0,80,0.0,0.0,,,,,,,,,,,,400.45,0.0,,,ABSENT,leave_2,leave_2
leave_2,101,505,510,0,0,81,0.0,0.0,,,,,,,,,,,,405.45,0.0,,,ABSENT,leave_2,leave_2
leave_2,102,510,515,0,0,82,0.0,0.0,,,,,,,,,,,,410.45,0.0,,,ABSENT,leave_2,leave_2
leave_2,103,515,520,0,0,83,0.0,0.0,,,,,,,,,,,,415.45,0.0,,,ABSENT,leave_2,leave_2
leave_2,104,520,525,0,0,84,0.0,0.0,,,,,,,,,,,,420.45,0.0,,,ABSENT,leave_2,leave_2
leave_2,105,525,530,0,0,85,0.0,0.0,,,,,,,,,,,,425.45,0.0,,,ABSENT,leave_2,leave_2
leave_2,106,530,535,0,0,86,0.0,0.0,,,,,,,,,,,,430.45,0.0,,,ABSENT,leave_2,leave_2
leave_2,107,535,540,0,0,87,0.0,0.0,,,,,,,,,,,,435.45,0.0,,,ABSENT,leave_2,leave_2
leave_2,108,540,545,0,0,88,0.0,0.0,,,,,,,,,,,,440.45,0.0,,,ABSENT,leave_2,leave_2
leave_2,109,545,550,0,0,89,0.0,0.0,,,,,,,,,,,,445.45,0.0,,,ABSENT,leave_2,leave_2
leave_2,110,550,555,0,0,90,0.0,0.0,,,,,,,,,,,,450.45,0.0,,,ABSENT,leave_2,leave_2
leave_2,111,555,560,0,0,91,0.0,0.0,,,,,,,,,,,,455.45,0.0,,,ABSENT,leave_2,leave_2
leave_2,112,560,565,0,0,92,0.0,0.0,,,,,,,,,,,,460.45,0.0,,,ABSENT,leave_2,leave_2
leave_2,113,565,570,0,0,93,0.0,0.0,,,,,,,,,,,,465.45,0.0,,,ABSENT,leave_2,leave_2
leave_2,114,570,575,0,0,94,0.0,0.0,,,,,,,,,,,,470.45,0.0,,,ABSENT,leave_2,leave_2
leave_2,115,575,580,0,0,95,0.0,0.0,,,,,,,,,,,,475.45,0.0,,,ABSENT,leave_2,leave_2
leave_2,116,580,585,0,0,96,0.0,0.0,,,,,,,,,,,,480.45,0.0,,,ABSENT,leave_2,leave_2
leave_2,117,585,590,0,0,97,0.0,0.0,,,,,,,,,,,,485.45,0.0,,,ABSENT,leave_2,leave_2
leave_2,118,590,595,0,0,98,0.0,0.0,,,,,,,,,,,,490.45,0.0,,,ABSENT,leave_2,leave_2
leave_2,119,595,600,0,0,99,0.0,0.0,,,,,,,,,,,,495.45,0.0,,,ABSENT,leave_2,leave_2
leave_2,120,600,605,0,0,100,0.0,0.0,,,,,,,,,,,,500.45,0.0,,,ABSENT,leave_2,leave_2
leave_2,121,605,610,0,0,101,0.0,0.0,,,,,,,,,,,,505.45,0.0,,,ABSENT,leave_2,leave_2
leave_2,122,610,615,0,0,102,0.0,0.0,,,,,,,,,,,,510.45,0.0,,,ABSENT,leave_2,leave_2
leave_2,123,615,620,0,0,103,0.0,0.0,,,,,,,,,,,,515.45,0.0,,,ABSENT,leave_2,leave_2
leave_2,124,620,625,0,0,104,0.0,0.0,,,,,,,,,,,,520.45,0.0,,,ABSENT,leave_2,leave_2
leave_2,125,625,630,0,0,105,0.0,0.0,,,,,,,,,,,,525.45,0.0,,,ABSENT,leave_2,leave_2
leave_2,126,630,635,0,0,106,0.0,0.0,,,,,,,,,,,,530.45,0.0,,,ABSENT,leave_2,leave_2
leave_2,127,635,640,0,0,107,0.0,0.0,,,,,,,,,,,,535.45,0.0,,,ABSENT,leave_2,leave_2
leave_2,128,640,645,0,0,108,0.0,0.0,,,,,,,,,,,,540.45,0.0,,,ABSENT,leave_2,leave_2
leave_2,129,645,650,0,0,109,0.0,0.0,,,,,,,,,,,,545.45,0.0,,,ABSENT,leave_2,leave_2
leave_2,130,650,655,0,0,110,0.0,0.0,,,,,,,,,,,,550.45,0.0,,,ABSENT,leave_2,leave_2
leave_2,131,655,660,0,0,111,0.0,0.0,,,,,,,,,,,,555.45,0.0,,,ABSENT,leave_2,leave_2
leave_2,132,660,665,0,0,112,0.0,0.0,,,,,,,,,,,,560.45,0.0,,,ABSENT,leave_2,leave_2
leave_2,133,665,670,0,0,113,0.0,0.0,,,,,,,,,,,,565.45,0.0,,,ABSENT,leave_2,leave_2
leave_2,134,670,675,0,0,114,0.0,0.0,,,,,,,,,,,,570.45,0.0,,,ABSENT,leave_2,leave_2
leave_2,135,675,680,0,0,115,0.0,0.0,,,,,,,,,,,,575.45,0.0,,,ABSENT,leave_2,leave_2
leave_2,136,680,685,0,0,116,0.0,0.0,,,,,,,,,,,,580.45,0.0,,,ABSENT,leave_2,leave_2
leave_2,137,685,690,0,0,117,0.0,0.0,,,,,,,,,,,,585.45,0.0,,,ABSENT,leave_2,leave_2
leave_2,138,690,695,0,0,118,0.0,0.0,,,,,,,,,,,,590.45,0.0,,,ABSENT,leave_2,leave_2
leave_2,139,695,700,0,0,119,0.0,0.0,,,,,,,,,,,,595.45,0.0,,,ABSENT,leave_2,leave_2
leave_2,140,700,705,0,0,120,0.0,0.0,,,,,,,,,,,,600.45,0.0,,,ABSENT,leave_2,leave_2
leave_2,141,705,710,0,0,121,0.0,0.0,,,,,,,,,,,,605.45,0.0,,,ABSENT,leave_2,leave_2
leave_2,142,710,715,0,0,122,0.0,0.0,,,,,,,,,,,,610.45,0.0,,,ABSENT,leave_2,leave_2
leave_2,143,715,720,0,0,123,0.0,0.0,,,,,,,,,,,,615.45,0.0,,,ABSENT,leave_2,leave_2
leave_2,144,720,725,0,0,124,0.0,0.0,,,,,,,,,,,,620.45,0.0,,,ABSENT,leave_2,leave_2
leave_2,145,725,730,0,0,125,0.0,0.0,,,,,,,,,,,,625.45,0.0,,,ABSENT,leave_2,leave_2
leave_2,146,730,735,0,0,126,0.0,0.0,,,,,,,,,,,,630.45,0.0,,,ABSENT,leave_2,leave_2
leave_2,147,735,740,0,0,127,0.0,0.0,,,,,,,,,,,,635.45,0.0,,,ABSENT,leave_2,leave_2
leave_2,148,740,745,0,0,128,0.0,0.0,,,,,,,,,,,,640.45,0.0,,,ABSENT,leave_2,leave_2
leave_2,149,745,750,0,0,129,0.0,0.0,,,,,,,,,,,,645.45,0.0,,,ABSENT,leave_2,leave_2
leave_2,150,750,755,0,0,130,0.0,0.0,,,,,,,,,,,,650.45,0.0,,,ABSENT,leave_2,leave_2
leave_2,151,755,760,0,0,131,0.0,0.0,,,,,,,,,,,,655.45,0.0,,,ABSENT,leave_2,leave_2
leave_2,152,760,765,1,1,0,1.0,1.0,-91.0,0.0,-91.0,-91.0,-91.0,0.0,0.0,657103.0,0.0,657103.0,1.653,3.347,0.024096385542168676,-40.65310077519379,,ABSENT,leave_2,leave_2
leave_2,153,765,770,2,1,0,3.0,3.0,-93.0,5.0,-98.0,-88.0,-93.0,10.0,-10.0,3835.5,780.5,4616.0,1.269,0.676,0.04819277108433735,-42.65310077519379,-0.3999999999999825,ABSENT,leave_2,leave_2
leave_2,154,770,775,0,0,1,3.0,3.0,,,,,,,,,,,,5.676,0.0,,,ABSENT,leave_2,leave_2
leave_2,155,775,780,3,1,0,5.0,6.0,-86.66666666666667,2.8674417556808756,-90.0,-83.0,-87.0,7.0,7.0,3165.6666666666665,2687.947957498847,6645.0,0.969,1.179,0.07228915662650602,-36.31976744186046,,ABSENT,leave_2,leave_2
leave_2,156,780,785,0,0,1,3.0,6.0,,,,,,,,,,,,6.179,0.0,,,PRESENT,leave_2,leave_2
leave_2,157,785,790,12,1,0,15.0,18.0,-56.916666666666664,3.861310946067698,-66.0,-52.0,-56.0,14.0,7.0,927.3333333333334,2698.884810847291,9878.0,3.699,0.051,0.2891566265060241,-6.569767441860456,,PRESENT,leave_2,leave_2
leave_2,158,790,795,38,1,0,50.0,55.0,-46.13157894736842,6.452951395869298,-65.0,-38.0,-44.0,27.0,16.0,126.23684210526316,50.667353867381294,316.0,0.039,0.254,0.9156626506024096,4.21532027743779,2.15701754385961,PRESENT,leave_2,leave_2
leave_2,159,795,800,6,1,0,56.0,59.0,-53.333333333333336,3.4960294939005054,-61.0,-51.0,-52.0,10.0,2.0,645.0,684.1449651450584,2004.0,0.682,1.384,0.14457831325301204,-2.9864341085271278,0.3583333333333422,PRESENT,leave_2,leave_2
leave_2,160,800,805,6,1,0,50.0,65.0,-49.833333333333336,8.493461537493939,-61.0,-40.0,-48.0,21.0,20.0,895.0,795.31775620398,1783.0,0.223,1.014,0.14457831325301204,0.5135658914728722,-0.37017543859647745,PRESENT,leave_2,leave_2
leave_2,161,805,810,6,1,0,18.0,68.0,-40.666666666666664,3.815174380753199,-45.0,-35.0,-42.0,10.0,1.0,976.1666666666666,869.8577310240005,1880.0,0.763,0.157,0.14457831325301204,9.680232558139544,1.266666666666666,PRESENT,leave_2,leave_2
leave_2,162,810,815,4,1,0,16.0,72.0,-37.5,0.5,-38.0,-37.0,-37.5,1.0,-1.0,893.25,794.498072684887,1793.0,1.636,1.584,0.0963855421686747,12.846899224806208,1.233333333333358,PRESENT,leave_2,leave_2
leave_2,163,815,820,3,1,0,13.0,63.0,-39.666666666666664,2.6246692913372702,-42.0,-36.0,-41.0,6.0,-6.0,1844.0,1409.3078679503164,3563.0,0.274,1.052,0.07228915662650602,10.680232558139544,0.10000000000000153,PRESENT,leave_2,leave_2
leave_2,164,820,825,6,1,0,13.0,31.0,-35.333333333333336,1.247219128924647,-37.0,-34.0,-35.0,3.0,-3.0,957.3333333333334,864.0745852580603,1985.0,0.721,0.308,0.14457831325301204,15.013565891472872,0.21666666666667098,PRESENT,leave_2,leave_2
leave_2,165,825,830,4,1,0,13.0,29.0,-36.75,0.82915619758885,-38.0,-36.0,-36.5,2.0,1.0,887.25,791.4468949335767,1776.0,1.468,1.759,0.0963855421686747,13.596899224806208,0.2916666666666702,PRESENT,leave_2,leave_2
leave_2,166,830,835,8,1,0,18.0,31.0,-38.25,3.031088913245535,-44.0,-35.0,-37.0,9.0,7.0,723.25,800.8136097120229,1802.0,0.021,0.973,0.1927710843373494,12.096899224806208,-0.29166666666666274,PRESENT,leave_2,leave_2
leave_2,167,835,840,7,1,0,19.0,32.0,-36.142857142857146,0.989743318610787,-37.0,-35.0,-37.0,2.0,0.0,792.5714285714286,798.3599004285254,1795.0,0.684,0.425,0.1686746987951807,14.204042081949062,0.060714285714290855,PRESENT,leave_2,leave_2
leave_3,0,0,5,45,1,0,,,-58.06666666666667,6.546924638501823,-73.0,-51.0,-58.0,22.0,-7.0,111.54545454545455,26.921987081746995,216.0,0.0,0.092,,,,PRESENT,leave_3,leave_3
leave_3,1,5,10,41,1,0,,,-61.048780487804876,2.0947229808374526,-64.0,-56.0,-62.0,8.0,-6.0,122.51219512195122,51.475839443383066,320.0,0.116,0.069,0.9111111111111111,-2.9821138211382063,-0.596422764227644,PRESENT,leave_3,leave_3
leave_3,2,10,15,40,1,0,126.0,,-62.5,1.857417562100671,-66.0,-60.0,-62.0,6.0,-3.0,126.325,48.18111014702754,317.0,0.036,0.016,0.9302325581395349,-2.9422764227642233,-0.4433333333333345,PRESENT,leave_3,leave_3
leave_3,3,15,20,41,1,0,122.0,,-60.41463414634146,0.9364075034367058,-64.0,-59.0,-60.0,5.0,5.0,120.17073170731707,45.19006065930243,321.0,0.089,0.089,1.0,0.6341463414634134,0.06341463414633962,PRESENT,leave_3,leave_3
leave_3,4,20,25,44,1,0,125.0,,-64.25,2.7313416616614026,-69.0,-58.0,-64.0,11.0,2.0,114.77272727272727,31.129395371551105,222.0,0.012,0.039,1.0731707317073171,-3.518292682926827,-0.17499999999999902,PRESENT,leave_3,leave_3
leave_3,5,25,30,44,1,0,129.0,255.0,-57.86363636363637,1.3913843513649062,-61.0,-55.0,-58.0,6.0,2.0,114.1590909090909,48.946605036795965,417.0,0.062,0.016,1.0731707317073171,3.1851441241685094,0.2550997782705107,PRESENT,leave_3,leave_3
leave_3,6,30,35,40,1,0,128.0,250.0,-58.425,1.0461237976453839,-62.0,-57.0,-58.0,5.0,0.0,123.55,47.02124519831434,319.0,0.082,0.074,0.9411764705882353,2.306707317073176,0.5825000000000009,PRESENT,leave_3,leave_3
leave_3,7,35,40,42,1,0,126.0,251.0,-62.976190476190474,5.457577062423421,-76.0,-57.0,-62.0,19.0,-18.0,120.4047619047619,38.98538158495134,221.0,0.036,0.017,0.9882352941176471,-2.2444831591173013,-0.5112554112554091,PRESENT,leave_3,leave_3
leave_3,8,40,45,40,1,0,122.0,251.0,-60.15,2.162752875388217,-68.0,-57.0,-60.0,11.0,2.0,123.975,44.927434547278565,311.0,0.082,0.058,0.9411764705882353,0.5817073170731746,-0.1724999999999987,PRESENT,leave_3,leave_3
leave_3,9,45,50,40,1,0,122.0,250.0,-63.05,2.587952858921507,-68.0,-60.0,-62.0,8.0,5.0,125.35,47.90122649786746,316.0,0.041,0.044,0.9411764705882353,-2.318292682926824,-0.0073809523809528765,PRESENT,leave_3,leave_3
leave_3,10,50,55,38,1,0,118.0,244.0,-60.31578947368421,1.3397812696166163,-65.0,-58.0,-60.0,7.0,1.0,132.1578947368421,52.98188683323738,315.0,0.062,0.022,0.8941176470588236,0.41591784338896076,-0.01657894736842189,PRESENT,leave_3,leave_3
leave_3,11,55,60,41,1,0,119.0,241.0,-60.90243902439025,4.5948267731820165,-84.0,-56.0,-60.0,28.0,-1.0,120.4390243902439,45.5171095038423,324.0,0.08,0.084,0.9647058823529412,-0.1707317073170742,0.21475609756097744,PRESENT,leave_3,leave_3
leave_3,12,60,65,38,1,0,117.0,239.0,-62.94736842105263,3.7412872005364024,-79.0,-57.0,-62.0,22.0,-4.0,132.10526315789474,62.973172848562726,414.0,0.123,0.064,0.8941176470588236,-2.215661103979457,-0.2631578947368419,PRESENT,leave_3,leave_3
leave_3,13,65,70,43,1,0,122.0,240.0,-59.74418604651163,4.297608979668913,-70.0,-53.0,-59.0,17.0,1.0,114.3953488372093,31.862451134841667,217.0,0.035,0.145,1.011764705882353,0.9875212705615439,0.11582529778786174,PRESENT,leave_3,leave_3
leave_3,14,70,75,43,1,0,124.0,243.0,-61.18604651162791,5.7799002725503295,-76.0,-55.0,-59.0,21.0,-9.0,116.13953488372093,33.18838504822505,212.0,0.06,0.151,1.011764705882353,-0.45433919455473415,0.17613219094247354,PRESENT,leave_3,leave_3
leave_3,15,75,80,43,1,0,129.0,246.0,-65.4186046511628,3.4723663812391345,-74.0,-61.0,-64.0,13.0,6.0,117.32558139534883,34.73201119149546,217.0,0.064,0.106,1.011764705882353,-4.686897334089622,-0.5674418604651158,PRESENT,leave_3,leave_3
leave_3,16,80,85,38,1,0,124.0,246.0,-63.55263157894737,2.488895003400131,-67.0,-59.0,-64.0,8.0,4.0,132.47368421052633,50.4040186587628,315.0,0.007,0.072,0.8941176470588236,-2.8209242618741968,-0.23665850673194663,PRESENT,leave_3,leave_3
leave_3,17,85,90,37,1,0,118.0,242.0,-61.729729729729726,1.7029171894079311,-65.0,-59.0,-61.0,6.0,-4.0,133.45945945945945,59.04537631832556,318.0,0.025,0.134,0.8705882352941177,-0.9980224126565531,0.36888749214330546,PRESENT,leave_3,leave_3
leave_3,18,90,95,39,1,0,114.0,243.0,-55.256410256410255,4.28903162053465,-70.0,-45.0,-56.0,25.0,6.0,129.25641025641025,49.78760938880478,314.0,0.078,0.093,0.9176470588235294,5.475297060662918,0.829622132253713,PRESENT,leave_3,leave_3
leave_3,19,95,100,45,1,0,121.0,245.0,-54.6,3.6172426576668095,-63.0,-48.0,-54.0,15.0,3.0,112.35555555555555,27.02192982297942,217.0,0.002,0.037,1.0588235294117647,6.131707317073172,0.7129729729729728,PRESENT,leave_3,leave_3
leave_3,20,100,105,43,1,0,127.0,245.0,-52.604651162790695,3.840660885980862,-62.0,-46.0,-52.0,16.0,-1.0,116.02325581395348,33.33723972062434,210.0,0.067,0.048,1.011764705882353,8.127056154282478,0.26517590936195756,PRESENT,leave_3,leave_3
leave_3,21,105,110,43,1,0,131.0,245.0,-55.74418604651163,8.141461565990653,-86.0,-44.0,-56.0,42.0,-8.0,114.55813953488372,40.00540796325056,328.0,0.054,0.122,1.011764705882353,4.987521270561544,-0.1144186046511635,PRESENT,leave_3,leave_3
leave_3,22,110,115,41,1,0,127.0,248.0,-54.68292682926829,4.989936332700262,-70.0,-46.0,-54.0,24.0,2.0,123.3170731707317,51.40724017736395,316.0,0.084,0.066,0.9647058823529412,6.048780487804883,-0.20782756664775898,PRESENT,leave_3,leave_3
leave_3,23,115,120,36,1,0,120.0,247.0,-60.916666666666664,5.663602112515399,-77.0,-52.0,-61.0,25.0,-20.0,139.91666666666666,71.92873595132585,431.0,0.029,0.029,0.8470588235294118,-0.18495934959349114,-0.5172480620155046,PRESENT,leave_3,leave_3
leave_3,24,120,125,36,1,0,113.0,244.0,-77.30555555555556,6.419672215777429,-92.0,-64.0,-76.5,28.0,-12.0,137.25,60.161991969829074,319.0,0.073,0.088,0.8470588235294118,-16.573848238482384,-2.2622628726287237,ABSENT,leave_3,leave_3
leave_3,25,125,130,35,1,0,107.0,234.0,-78.02857142857142,5.500575109078345,-91.0,-68.0,-78.0,23.0,5.0,145.22857142857143,62.658295865881364,322.0,0.023,0.005,0.8235294117647058,-17.29686411149825,-1.7111904761904821,ABSENT,leave_3,leave_3
leave_3,26,130,135,22,1,0,93.0,213.0,-90.95454545454545,3.771631823437999,-95.0,-83.0,-91.5,12.0,-5.0,190.95454545454547,140.56363077809516,627.0,0.414,0.804,0.5176470588235295,-30.22283813747228,-1.3648989898989932,ABSENT,leave_3,leave_3
leave_3,27,135,140,14,1,0,71.0,184.0,-95.14285714285714,3.8518482179179316,-101.0,-89.0,-95.5,12.0,-5.0,411.35714285714283,444.79073846069247,1572.0,0.029,0.045,0.32941176470588235,-34.411149825783966,-1.7114285714285866,ABSENT,leave_3,leave_3
leave_3,28,140,145,0,0,1,36.0,143.0,,,,,,,,,,,,5.045,0.0,,,ABSENT,leave_3,leave_3
leave_3,29,145,150,10,1,0,24.0,117.0,-92.6,3.0397368307141326,-97.0,-87.0,-92.0,10.0,5.0,989.9,1709.787440005336,5886.0,0.841,0.146,0.23529411764705882,-31.86829268292682,,ABSENT,leave_3,leave_3
leave_3,30,150,155,5,1,0,15.0,86.0,-94.2,1.9390719429665317,-98.0,-93.0,-93.0,5.0,0.0,318.0,289.78612803238184,841.0,0.283,3.556,0.11764705882352941,-33.46829268292683,-0.3200000000000025,ABSENT,leave_3,leave_3
leave_3,31,155,160,0,0,1,15.0,51.0,,,,,,,,,,,,8.556,0.0,,,ABSENT,leave_3,leave_3
leave_3,32,160,165,0,0,2,5.0,29.0,,,,,,,,,,,,13.556,0.0,,,ABSENT,leave_3,leave_3
leave_3,33,165,170,0,0,3,0.0,15.0,,,,,,,,,,,,18.556,0.0,,,ABSENT,leave_3,leave_3
leave_3,34,170,175,0,0,4,0.0,15.0,,,,,,,,,,,,23.556,0.0,,,ABSENT,leave_3,leave_3
leave_3,35,175,180,0,0,5,0.0,5.0,,,,,,,,,,,,28.556,0.0,,,ABSENT,leave_3,leave_3
leave_3,36,180,185,0,0,6,0.0,0.0,,,,,,,,,,,,33.556,0.0,,,ABSENT,leave_3,leave_3
leave_3,37,185,190,0,0,7,0.0,0.0,,,,,,,,,,,,38.556,0.0,,,ABSENT,leave_3,leave_3
leave_3,38,190,195,0,0,8,0.0,0.0,,,,,,,,,,,,43.556,0.0,,,ABSENT,leave_3,leave_3
leave_3,39,195,200,0,0,9,0.0,0.0,,,,,,,,,,,,48.556,0.0,,,ABSENT,leave_3,leave_3
leave_3,40,200,205,0,0,10,0.0,0.0,,,,,,,,,,,,53.556,0.0,,,ABSENT,leave_3,leave_3
leave_3,41,205,210,0,0,11,0.0,0.0,,,,,,,,,,,,58.556,0.0,,,ABSENT,leave_3,leave_3
leave_3,42,210,215,0,0,12,0.0,0.0,,,,,,,,,,,,63.556,0.0,,,ABSENT,leave_3,leave_3
leave_3,43,215,220,0,0,13,0.0,0.0,,,,,,,,,,,,68.556,0.0,,,ABSENT,leave_3,leave_3
leave_3,44,220,225,0,0,14,0.0,0.0,,,,,,,,,,,,73.556,0.0,,,ABSENT,leave_3,leave_3
leave_3,45,225,230,0,0,15,0.0,0.0,,,,,,,,,,,,78.556,0.0,,,ABSENT,leave_3,leave_3
leave_3,46,230,235,0,0,16,0.0,0.0,,,,,,,,,,,,83.556,0.0,,,ABSENT,leave_3,leave_3
leave_3,47,235,240,0,0,17,0.0,0.0,,,,,,,,,,,,88.556,0.0,,,ABSENT,leave_3,leave_3
leave_3,48,240,245,0,0,18,0.0,0.0,,,,,,,,,,,,93.556,0.0,,,ABSENT,leave_3,leave_3
leave_3,49,245,250,0,0,19,0.0,0.0,,,,,,,,,,,,98.556,0.0,,,ABSENT,leave_3,leave_3
leave_3,50,250,255,0,0,20,0.0,0.0,,,,,,,,,,,,103.556,0.0,,,ABSENT,leave_3,leave_3
leave_3,51,255,260,0,0,21,0.0,0.0,,,,,,,,,,,,108.556,0.0,,,ABSENT,leave_3,leave_3
leave_3,52,260,265,0,0,22,0.0,0.0,,,,,,,,,,,,113.556,0.0,,,ABSENT,leave_3,leave_3
leave_3,53,265,270,0,0,23,0.0,0.0,,,,,,,,,,,,118.556,0.0,,,ABSENT,leave_3,leave_3
leave_3,54,270,275,0,0,24,0.0,0.0,,,,,,,,,,,,123.556,0.0,,,ABSENT,leave_3,leave_3
leave_3,55,275,280,0,0,25,0.0,0.0,,,,,,,,,,,,128.556,0.0,,,ABSENT,leave_3,leave_3
leave_3,56,280,285,0,0,26,0.0,0.0,,,,,,,,,,,,133.556,0.0,,,ABSENT,leave_3,leave_3
leave_3,57,285,290,0,0,27,0.0,0.0,,,,,,,,,,,,138.556,0.0,,,ABSENT,leave_3,leave_3
leave_3,58,290,295,0,0,28,0.0,0.0,,,,,,,,,,,,143.556,0.0,,,ABSENT,leave_3,leave_3
leave_3,59,295,300,0,0,29,0.0,0.0,,,,,,,,,,,,148.556,0.0,,,ABSENT,leave_3,leave_3
leave_3,60,300,305,0,0,30,0.0,0.0,,,,,,,,,,,,153.556,0.0,,,ABSENT,leave_3,leave_3
leave_3,61,305,310,0,0,31,0.0,0.0,,,,,,,,,,,,158.556,0.0,,,ABSENT,leave_3,leave_3
leave_3,62,310,315,0,0,32,0.0,0.0,,,,,,,,,,,,163.556,0.0,,,ABSENT,leave_3,leave_3
leave_3,63,315,320,0,0,33,0.0,0.0,,,,,,,,,,,,168.556,0.0,,,ABSENT,leave_3,leave_3
leave_3,64,320,325,0,0,34,0.0,0.0,,,,,,,,,,,,173.556,0.0,,,ABSENT,leave_3,leave_3
leave_3,65,325,330,0,0,35,0.0,0.0,,,,,,,,,,,,178.556,0.0,,,ABSENT,leave_3,leave_3
leave_3,66,330,335,0,0,36,0.0,0.0,,,,,,,,,,,,183.556,0.0,,,ABSENT,leave_3,leave_3
leave_3,67,335,340,0,0,37,0.0,0.0,,,,,,,,,,,,188.556,0.0,,,ABSENT,leave_3,leave_3
leave_3,68,340,345,0,0,38,0.0,0.0,,,,,,,,,,,,193.556,0.0,,,ABSENT,leave_3,leave_3
leave_3,69,345,350,0,0,39,0.0,0.0,,,,,,,,,,,,198.556,0.0,,,ABSENT,leave_3,leave_3
leave_3,70,350,355,0,0,40,0.0,0.0,,,,,,,,,,,,203.556,0.0,,,ABSENT,leave_3,leave_3
leave_3,71,355,360,0,0,41,0.0,0.0,,,,,,,,,,,,208.556,0.0,,,ABSENT,leave_3,leave_3
leave_3,72,360,365,0,0,42,0.0,0.0,,,,,,,,,,,,213.556,0.0,,,ABSENT,leave_3,leave_3
leave_3,73,365,370,0,0,43,0.0,0.0,,,,,,,,,,,,218.556,0.0,,,ABSENT,leave_3,leave_3
leave_3,74,370,375,0,0,44,0.0,0.0,,,,,,,,,,,,223.556,0.0,,,ABSENT,leave_3,leave_3
leave_3,75,375,380,0,0,45,0.0,0.0,,,,,,,,,,,,228.556,0.0,,,ABSENT,leave_3,leave_3
leave_3,76,380,385,0,0,46,0.0,0.0,,,,,,,,,,,,233.556,0.0,,,ABSENT,leave_3,leave_3
leave_3,77,385,390,0,0,47,0.0,0.0,,,,,,,,,,,,238.556,0.0,,,ABSENT,leave_3,leave_3
leave_3,78,390,395,0,0,48,0.0,0.0,,,,,,,,,,,,243.556,0.0,,,ABSENT,leave_3,leave_3
leave_3,79,395,400,0,0,49,0.0,0.0,,,,,,,,,,,,248.556,0.0,,,ABSENT,leave_3,leave_3
leave_3,80,400,405,0,0,50,0.0,0.0,,,,,,,,,,,,253.556,0.0,,,ABSENT,leave_3,leave_3
leave_3,81,405,410,0,0,51,0.0,0.0,,,,,,,,,,,,258.556,0.0,,,ABSENT,leave_3,leave_3
leave_3,82,410,415,0,0,52,0.0,0.0,,,,,,,,,,,,263.556,0.0,,,ABSENT,leave_3,leave_3
leave_3,83,415,420,0,0,53,0.0,0.0,,,,,,,,,,,,268.556,0.0,,,ABSENT,leave_3,leave_3
leave_3,84,420,425,0,0,54,0.0,0.0,,,,,,,,,,,,273.556,0.0,,,ABSENT,leave_3,leave_3
leave_3,85,425,430,0,0,55,0.0,0.0,,,,,,,,,,,,278.556,0.0,,,ABSENT,leave_3,leave_3
leave_3,86,430,435,0,0,56,0.0,0.0,,,,,,,,,,,,283.556,0.0,,,ABSENT,leave_3,leave_3
leave_3,87,435,440,0,0,57,0.0,0.0,,,,,,,,,,,,288.556,0.0,,,ABSENT,leave_3,leave_3
leave_3,88,440,445,0,0,58,0.0,0.0,,,,,,,,,,,,293.556,0.0,,,ABSENT,leave_3,leave_3
leave_3,89,445,450,0,0,59,0.0,0.0,,,,,,,,,,,,298.556,0.0,,,ABSENT,leave_3,leave_3
leave_3,90,450,455,0,0,60,0.0,0.0,,,,,,,,,,,,303.556,0.0,,,ABSENT,leave_3,leave_3
leave_3,91,455,460,0,0,61,0.0,0.0,,,,,,,,,,,,308.556,0.0,,,ABSENT,leave_3,leave_3
leave_3,92,460,465,0,0,62,0.0,0.0,,,,,,,,,,,,313.556,0.0,,,ABSENT,leave_3,leave_3
leave_3,93,465,470,0,0,63,0.0,0.0,,,,,,,,,,,,318.556,0.0,,,ABSENT,leave_3,leave_3
leave_3,94,470,475,0,0,64,0.0,0.0,,,,,,,,,,,,323.556,0.0,,,ABSENT,leave_3,leave_3
leave_3,95,475,480,0,0,65,0.0,0.0,,,,,,,,,,,,328.556,0.0,,,ABSENT,leave_3,leave_3
leave_3,96,480,485,0,0,66,0.0,0.0,,,,,,,,,,,,333.556,0.0,,,ABSENT,leave_3,leave_3
leave_3,97,485,490,0,0,67,0.0,0.0,,,,,,,,,,,,338.556,0.0,,,ABSENT,leave_3,leave_3
leave_3,98,490,495,0,0,68,0.0,0.0,,,,,,,,,,,,343.556,0.0,,,ABSENT,leave_3,leave_3
leave_3,99,495,500,0,0,69,0.0,0.0,,,,,,,,,,,,348.556,0.0,,,ABSENT,leave_3,leave_3
leave_3,100,500,505,0,0,70,0.0,0.0,,,,,,,,,,,,353.556,0.0,,,ABSENT,leave_3,leave_3
leave_3,101,505,510,0,0,71,0.0,0.0,,,,,,,,,,,,358.556,0.0,,,ABSENT,leave_3,leave_3
leave_3,102,510,515,0,0,72,0.0,0.0,,,,,,,,,,,,363.556,0.0,,,ABSENT,leave_3,leave_3
leave_3,103,515,520,0,0,73,0.0,0.0,,,,,,,,,,,,368.556,0.0,,,ABSENT,leave_3,leave_3
leave_3,104,520,525,0,0,74,0.0,0.0,,,,,,,,,,,,373.556,0.0,,,ABSENT,leave_3,leave_3
leave_3,105,525,530,0,0,75,0.0,0.0,,,,,,,,,,,,378.556,0.0,,,ABSENT,leave_3,leave_3
leave_3,106,530,535,0,0,76,0.0,0.0,,,,,,,,,,,,383.556,0.0,,,ABSENT,leave_3,leave_3
leave_3,107,535,540,0,0,77,0.0,0.0,,,,,,,,,,,,388.556,0.0,,,ABSENT,leave_3,leave_3
leave_3,108,540,545,0,0,78,0.0,0.0,,,,,,,,,,,,393.556,0.0,,,ABSENT,leave_3,leave_3
leave_3,109,545,550,0,0,79,0.0,0.0,,,,,,,,,,,,398.556,0.0,,,ABSENT,leave_3,leave_3
leave_3,110,550,555,0,0,80,0.0,0.0,,,,,,,,,,,,403.556,0.0,,,ABSENT,leave_3,leave_3
leave_3,111,555,560,0,0,81,0.0,0.0,,,,,,,,,,,,408.556,0.0,,,ABSENT,leave_3,leave_3
leave_3,112,560,565,0,0,82,0.0,0.0,,,,,,,,,,,,413.556,0.0,,,ABSENT,leave_3,leave_3
leave_3,113,565,570,0,0,83,0.0,0.0,,,,,,,,,,,,418.556,0.0,,,ABSENT,leave_3,leave_3
leave_3,114,570,575,0,0,84,0.0,0.0,,,,,,,,,,,,423.556,0.0,,,ABSENT,leave_3,leave_3
leave_3,115,575,580,0,0,85,0.0,0.0,,,,,,,,,,,,428.556,0.0,,,ABSENT,leave_3,leave_3
leave_3,116,580,585,0,0,86,0.0,0.0,,,,,,,,,,,,433.556,0.0,,,ABSENT,leave_3,leave_3
leave_3,117,585,590,0,0,87,0.0,0.0,,,,,,,,,,,,438.556,0.0,,,ABSENT,leave_3,leave_3
leave_3,118,590,595,0,0,88,0.0,0.0,,,,,,,,,,,,443.556,0.0,,,ABSENT,leave_3,leave_3
leave_3,119,595,600,0,0,89,0.0,0.0,,,,,,,,,,,,448.556,0.0,,,ABSENT,leave_3,leave_3
leave_3,120,600,605,0,0,90,0.0,0.0,,,,,,,,,,,,453.556,0.0,,,ABSENT,leave_3,leave_3
leave_3,121,605,610,0,0,91,0.0,0.0,,,,,,,,,,,,458.556,0.0,,,ABSENT,leave_3,leave_3
leave_3,122,610,615,0,0,92,0.0,0.0,,,,,,,,,,,,463.556,0.0,,,ABSENT,leave_3,leave_3
leave_3,123,615,620,0,0,93,0.0,0.0,,,,,,,,,,,,468.556,0.0,,,ABSENT,leave_3,leave_3
leave_3,124,620,625,0,0,94,0.0,0.0,,,,,,,,,,,,473.556,0.0,,,ABSENT,leave_3,leave_3
leave_3,125,625,630,0,0,95,0.0,0.0,,,,,,,,,,,,478.556,0.0,,,ABSENT,leave_3,leave_3
leave_3,126,630,635,0,0,96,0.0,0.0,,,,,,,,,,,,483.556,0.0,,,ABSENT,leave_3,leave_3
leave_3,127,635,640,0,0,97,0.0,0.0,,,,,,,,,,,,488.556,0.0,,,ABSENT,leave_3,leave_3
leave_3,128,640,645,0,0,98,0.0,0.0,,,,,,,,,,,,493.556,0.0,,,ABSENT,leave_3,leave_3
leave_3,129,645,650,0,0,99,0.0,0.0,,,,,,,,,,,,498.556,0.0,,,ABSENT,leave_3,leave_3
leave_3,130,650,655,0,0,100,0.0,0.0,,,,,,,,,,,,503.556,0.0,,,ABSENT,leave_3,leave_3
leave_3,131,655,660,0,0,101,0.0,0.0,,,,,,,,,,,,508.556,0.0,,,ABSENT,leave_3,leave_3
leave_3,132,660,665,0,0,102,0.0,0.0,,,,,,,,,,,,513.556,0.0,,,ABSENT,leave_3,leave_3
leave_3,133,665,670,0,0,103,0.0,0.0,,,,,,,,,,,,518.556,0.0,,,ABSENT,leave_3,leave_3
leave_3,134,670,675,0,0,104,0.0,0.0,,,,,,,,,,,,523.556,0.0,,,ABSENT,leave_3,leave_3
leave_3,135,675,680,0,0,105,0.0,0.0,,,,,,,,,,,,528.556,0.0,,,ABSENT,leave_3,leave_3
leave_3,136,680,685,0,0,106,0.0,0.0,,,,,,,,,,,,533.556,0.0,,,ABSENT,leave_3,leave_3
leave_3,137,685,690,0,0,107,0.0,0.0,,,,,,,,,,,,538.556,0.0,,,ABSENT,leave_3,leave_3
leave_3,138,690,695,0,0,108,0.0,0.0,,,,,,,,,,,,543.556,0.0,,,ABSENT,leave_3,leave_3
leave_3,139,695,700,0,0,109,0.0,0.0,,,,,,,,,,,,548.556,0.0,,,ABSENT,leave_3,leave_3
leave_3,140,700,705,0,0,110,0.0,0.0,,,,,,,,,,,,553.556,0.0,,,ABSENT,leave_3,leave_3
leave_3,141,705,710,0,0,111,0.0,0.0,,,,,,,,,,,,558.556,0.0,,,ABSENT,leave_3,leave_3
leave_3,142,710,715,0,0,112,0.0,0.0,,,,,,,,,,,,563.556,0.0,,,ABSENT,leave_3,leave_3
leave_3,143,715,720,0,0,113,0.0,0.0,,,,,,,,,,,,568.556,0.0,,,ABSENT,leave_3,leave_3
leave_3,144,720,725,0,0,114,0.0,0.0,,,,,,,,,,,,573.556,0.0,,,ABSENT,leave_3,leave_3
leave_3,145,725,730,0,0,115,0.0,0.0,,,,,,,,,,,,578.556,0.0,,,ABSENT,leave_3,leave_3
leave_3,146,730,735,0,0,116,0.0,0.0,,,,,,,,,,,,583.556,0.0,,,ABSENT,leave_3,leave_3
leave_3,147,735,740,0,0,117,0.0,0.0,,,,,,,,,,,,588.556,0.0,,,ABSENT,leave_3,leave_3
leave_3,148,740,745,0,0,118,0.0,0.0,,,,,,,,,,,,593.556,0.0,,,ABSENT,leave_3,leave_3
leave_3,149,745,750,0,0,119,0.0,0.0,,,,,,,,,,,,598.556,0.0,,,ABSENT,leave_3,leave_3
leave_3,150,750,755,0,0,120,0.0,0.0,,,,,,,,,,,,603.556,0.0,,,ABSENT,leave_3,leave_3
leave_3,151,755,760,0,0,121,0.0,0.0,,,,,,,,,,,,608.556,0.0,,,ABSENT,leave_3,leave_3
leave_3,152,760,765,0,0,122,0.0,0.0,,,,,,,,,,,,613.556,0.0,,,ABSENT,leave_3,leave_3
leave_3,153,765,770,0,0,123,0.0,0.0,,,,,,,,,,,,618.556,0.0,,,ABSENT,leave_3,leave_3
leave_3,154,770,775,0,0,124,0.0,0.0,,,,,,,,,,,,623.556,0.0,,,ABSENT,leave_3,leave_3
leave_3,155,775,780,0,0,125,0.0,0.0,,,,,,,,,,,,628.556,0.0,,,ABSENT,leave_3,leave_3
leave_3,156,780,785,0,0,126,0.0,0.0,,,,,,,,,,,,633.556,0.0,,,ABSENT,leave_3,leave_3
leave_3,157,785,790,0,0,127,0.0,0.0,,,,,,,,,,,,638.556,0.0,,,ABSENT,leave_3,leave_3
leave_3,158,790,795,0,0,128,0.0,0.0,,,,,,,,,,,,643.556,0.0,,,ABSENT,leave_3,leave_3
leave_3,159,795,800,0,0,129,0.0,0.0,,,,,,,,,,,,648.556,0.0,,,ABSENT,leave_3,leave_3
leave_3,160,800,805,0,0,130,0.0,0.0,,,,,,,,,,,,653.556,0.0,,,ABSENT,leave_3,leave_3
leave_3,161,805,810,0,0,131,0.0,0.0,,,,,,,,,,,,658.556,0.0,,,ABSENT,leave_3,leave_3
leave_3,162,810,815,0,0,132,0.0,0.0,,,,,,,,,,,,663.556,0.0,,,ABSENT,leave_3,leave_3
leave_3,163,815,820,0,0,133,0.0,0.0,,,,,,,,,,,,668.556,0.0,,,ABSENT,leave_3,leave_3
leave_3,164,820,825,0,0,134,0.0,0.0,,,,,,,,,,,,673.556,0.0,,,ABSENT,leave_3,leave_3
leave_3,165,825,830,0,0,135,0.0,0.0,,,,,,,,,,,,678.556,0.0,,,ABSENT,leave_3,leave_3
leave_3,166,830,835,0,0,136,0.0,0.0,,,,,,,,,,,,683.556,0.0,,,ABSENT,leave_3,leave_3
leave_3,167,835,840,0,0,137,0.0,0.0,,,,,,,,,,,,688.556,0.0,,,ABSENT,leave_3,leave_3
leave_3,168,840,845,0,0,138,0.0,0.0,,,,,,,,,,,,693.556,0.0,,,ABSENT,leave_3,leave_3
leave_3,169,845,850,0,0,139,0.0,0.0,,,,,,,,,,,,698.556,0.0,,,ABSENT,leave_3,leave_3
leave_3,170,850,855,0,0,140,0.0,0.0,,,,,,,,,,,,703.556,0.0,,,ABSENT,leave_3,leave_3
leave_3,171,855,860,0,0,141,0.0,0.0,,,,,,,,,,,,708.556,0.0,,,ABSENT,leave_3,leave_3
leave_3,172,860,865,0,0,142,0.0,0.0,,,,,,,,,,,,713.556,0.0,,,ABSENT,leave_3,leave_3
leave_3,173,865,870,0,0,143,0.0,0.0,,,,,,,,,,,,718.556,0.0,,,ABSENT,leave_3,leave_3
leave_3,174,870,875,0,0,144,0.0,0.0,,,,,,,,,,,,723.556,0.0,,,ABSENT,leave_3,leave_3
leave_3,175,875,880,0,0,145,0.0,0.0,,,,,,,,,,,,728.556,0.0,,,ABSENT,leave_3,leave_3
leave_3,176,880,885,0,0,146,0.0,0.0,,,,,,,,,,,,733.556,0.0,,,ABSENT,leave_3,leave_3
leave_3,177,885,890,0,0,147,0.0,0.0,,,,,,,,,,,,738.556,0.0,,,ABSENT,leave_3,leave_3
leave_3,178,890,895,0,0,148,0.0,0.0,,,,,,,,,,,,743.556,0.0,,,ABSENT,leave_3,leave_3
leave_3,179,895,900,0,0,149,0.0,0.0,,,,,,,,,,,,748.556,0.0,,,ABSENT,leave_3,leave_3
leave_3,180,900,905,0,0,150,0.0,0.0,,,,,,,,,,,,753.556,0.0,,,ABSENT,leave_3,leave_3
leave_3,181,905,910,0,0,151,0.0,0.0,,,,,,,,,,,,758.556,0.0,,,ABSENT,leave_3,leave_3
leave_3,182,910,915,0,0,152,0.0,0.0,,,,,,,,,,,,763.556,0.0,,,ABSENT,leave_3,leave_3
leave_3,183,915,920,0,0,153,0.0,0.0,,,,,,,,,,,,768.556,0.0,,,ABSENT,leave_3,leave_3
leave_3,184,920,925,0,0,154,0.0,0.0,,,,,,,,,,,,773.556,0.0,,,ABSENT,leave_3,leave_3
leave_3,185,925,930,0,0,155,0.0,0.0,,,,,,,,,,,,778.556,0.0,,,ABSENT,leave_3,leave_3
leave_3,186,930,935,0,0,156,0.0,0.0,,,,,,,,,,,,783.556,0.0,,,ABSENT,leave_3,leave_3
leave_3,187,935,940,0,0,157,0.0,0.0,,,,,,,,,,,,788.556,0.0,,,ABSENT,leave_3,leave_3
leave_3,188,940,945,0,0,158,0.0,0.0,,,,,,,,,,,,793.556,0.0,,,ABSENT,leave_3,leave_3
leave_3,189,945,950,0,0,159,0.0,0.0,,,,,,,,,,,,798.556,0.0,,,ABSENT,leave_3,leave_3
leave_3,190,950,955,0,0,160,0.0,0.0,,,,,,,,,,,,803.556,0.0,,,ABSENT,leave_3,leave_3
leave_3,191,955,960,0,0,161,0.0,0.0,,,,,,,,,,,,808.556,0.0,,,ABSENT,leave_3,leave_3
leave_3,192,960,965,0,0,162,0.0,0.0,,,,,,,,,,,,813.556,0.0,,,ABSENT,leave_3,leave_3
leave_3,193,965,970,0,0,163,0.0,0.0,,,,,,,,,,,,818.556,0.0,,,ABSENT,leave_3,leave_3
leave_3,194,970,975,0,0,164,0.0,0.0,,,,,,,,,,,,823.556,0.0,,,ABSENT,leave_3,leave_3
leave_3,195,975,980,0,0,165,0.0,0.0,,,,,,,,,,,,828.556,0.0,,,ABSENT,leave_3,leave_3
leave_3,196,980,985,0,0,166,0.0,0.0,,,,,,,,,,,,833.556,0.0,,,ABSENT,leave_3,leave_3
leave_3,197,985,990,0,0,167,0.0,0.0,,,,,,,,,,,,838.556,0.0,,,ABSENT,leave_3,leave_3
leave_3,198,990,995,0,0,168,0.0,0.0,,,,,,,,,,,,843.556,0.0,,,ABSENT,leave_3,leave_3
leave_3,199,995,1000,0,0,169,0.0,0.0,,,,,,,,,,,,848.556,0.0,,,ABSENT,leave_3,leave_3
leave_3,200,1000,1005,0,0,170,0.0,0.0,,,,,,,,,,,,853.556,0.0,,,ABSENT,leave_3,leave_3
leave_3,201,1005,1010,0,0,171,0.0,0.0,,,,,,,,,,,,858.556,0.0,,,ABSENT,leave_3,leave_3
leave_3,202,1010,1015,0,0,172,0.0,0.0,,,,,,,,,,,,863.556,0.0,,,ABSENT,leave_3,leave_3
leave_3,203,1015,1020,0,0,173,0.0,0.0,,,,,,,,,,,,868.556,0.0,,,ABSENT,leave_3,leave_3
leave_3,204,1020,1025,0,0,174,0.0,0.0,,,,,,,,,,,,873.556,0.0,,,ABSENT,leave_3,leave_3
leave_3,205,1025,1030,0,0,175,0.0,0.0,,,,,,,,,,,,878.556,0.0,,,ABSENT,leave_3,leave_3
leave_3,206,1030,1035,0,0,176,0.0,0.0,,,,,,,,,,,,883.556,0.0,,,ABSENT,leave_3,leave_3
leave_3,207,1035,1040,0,0,177,0.0,0.0,,,,,,,,,,,,888.556,0.0,,,ABSENT,leave_3,leave_3
leave_3,208,1040,1045,0,0,178,0.0,0.0,,,,,,,,,,,,893.556,0.0,,,ABSENT,leave_3,leave_3
leave_3,209,1045,1050,0,0,179,0.0,0.0,,,,,,,,,,,,898.556,0.0,,,ABSENT,leave_3,leave_3
leave_3,210,1050,1055,0,0,180,0.0,0.0,,,,,,,,,,,,903.556,0.0,,,ABSENT,leave_3,leave_3
leave_3,211,1055,1060,0,0,181,0.0,0.0,,,,,,,,,,,,908.556,0.0,,,ABSENT,leave_3,leave_3
leave_3,212,1060,1065,0,0,182,0.0,0.0,,,,,,,,,,,,913.556,0.0,,,ABSENT,leave_3,leave_3
leave_3,213,1065,1070,0,0,183,0.0,0.0,,,,,,,,,,,,918.556,0.0,,,ABSENT,leave_3,leave_3
leave_3,214,1070,1075,0,0,184,0.0,0.0,,,,,,,,,,,,923.556,0.0,,,ABSENT,leave_3,leave_3
leave_3,215,1075,1080,0,0,185,0.0,0.0,,,,,,,,,,,,928.556,0.0,,,ABSENT,leave_3,leave_3
leave_3,216,1080,1085,0,0,186,0.0,0.0,,,,,,,,,,,,933.556,0.0,,,ABSENT,leave_3,leave_3
leave_3,217,1085,1090,0,0,187,0.0,0.0,,,,,,,,,,,,938.556,0.0,,,ABSENT,leave_3,leave_3
leave_3,218,1090,1095,0,0,188,0.0,0.0,,,,,,,,,,,,943.556,0.0,,,ABSENT,leave_3,leave_3
leave_3,219,1095,1100,0,0,189,0.0,0.0,,,,,,,,,,,,948.556,0.0,,,ABSENT,leave_3,leave_3
leave_3,220,1100,1105,0,0,190,0.0,0.0,,,,,,,,,,,,953.556,0.0,,,ABSENT,leave_3,leave_3
leave_3,221,1105,1110,0,0,191,0.0,0.0,,,,,,,,,,,,958.556,0.0,,,ABSENT,leave_3,leave_3
leave_3,222,1110,1115,0,0,192,0.0,0.0,,,,,,,,,,,,963.556,0.0,,,ABSENT,leave_3,leave_3
leave_3,223,1115,1120,0,0,193,0.0,0.0,,,,,,,,,,,,968.556,0.0,,,ABSENT,leave_3,leave_3
leave_3,224,1120,1125,0,0,194,0.0,0.0,,,,,,,,,,,,973.556,0.0,,,ABSENT,leave_3,leave_3
leave_3,225,1125,1130,0,0,195,0.0,0.0,,,,,,,,,,,,978.556,0.0,,,ABSENT,leave_3,leave_3
leave_3,226,1130,1135,0,0,196,0.0,0.0,,,,,,,,,,,,983.556,0.0,,,ABSENT,leave_3,leave_3
leave_3,227,1135,1140,0,0,197,0.0,0.0,,,,,,,,,,,,988.556,0.0,,,ABSENT,leave_3,leave_3
leave_3,228,1140,1145,0,0,198,0.0,0.0,,,,,,,,,,,,993.556,0.0,,,ABSENT,leave_3,leave_3
leave_3,229,1145,1150,0,0,199,0.0,0.0,,,,,,,,,,,,998.556,0.0,,,ABSENT,leave_3,leave_3
leave_3,230,1150,1155,0,0,200,0.0,0.0,,,,,,,,,,,,1003.556,0.0,,,ABSENT,leave_3,leave_3
leave_3,231,1155,1160,0,0,201,0.0,0.0,,,,,,,,,,,,1008.556,0.0,,,ABSENT,leave_3,leave_3
leave_3,232,1160,1165,0,0,202,0.0,0.0,,,,,,,,,,,,1013.556,0.0,,,ABSENT,leave_3,leave_3
leave_3,233,1165,1170,0,0,203,0.0,0.0,,,,,,,,,,,,1018.556,0.0,,,ABSENT,leave_3,leave_3
leave_3,234,1170,1175,0,0,204,0.0,0.0,,,,,,,,,,,,1023.556,0.0,,,ABSENT,leave_3,leave_3
leave_3,235,1175,1180,0,0,205,0.0,0.0,,,,,,,,,,,,1028.556,0.0,,,ABSENT,leave_3,leave_3
leave_3,236,1180,1185,0,0,206,0.0,0.0,,,,,,,,,,,,1033.556,0.0,,,ABSENT,leave_3,leave_3
leave_3,237,1185,1190,0,0,207,0.0,0.0,,,,,,,,,,,,1038.556,0.0,,,ABSENT,leave_3,leave_3
leave_3,238,1190,1195,0,0,208,0.0,0.0,,,,,,,,,,,,1043.556,0.0,,,ABSENT,leave_3,leave_3
leave_3,239,1195,1200,0,0,209,0.0,0.0,,,,,,,,,,,,1048.556,0.0,,,ABSENT,leave_3,leave_3
leave_3,240,1200,1205,0,0,210,0.0,0.0,,,,,,,,,,,,1053.556,0.0,,,ABSENT,leave_3,leave_3
leave_3,241,1205,1210,0,0,211,0.0,0.0,,,,,,,,,,,,1058.556,0.0,,,ABSENT,leave_3,leave_3
leave_3,242,1210,1215,0,0,212,0.0,0.0,,,,,,,,,,,,1063.556,0.0,,,ABSENT,leave_3,leave_3
leave_3,243,1215,1220,0,0,213,0.0,0.0,,,,,,,,,,,,1068.556,0.0,,,ABSENT,leave_3,leave_3
leave_3,244,1220,1225,0,0,214,0.0,0.0,,,,,,,,,,,,1073.556,0.0,,,ABSENT,leave_3,leave_3
leave_3,245,1225,1230,0,0,215,0.0,0.0,,,,,,,,,,,,1078.556,0.0,,,ABSENT,leave_3,leave_3
leave_3,246,1230,1235,0,0,216,0.0,0.0,,,,,,,,,,,,1083.556,0.0,,,ABSENT,leave_3,leave_3
leave_3,247,1235,1240,0,0,217,0.0,0.0,,,,,,,,,,,,1088.556,0.0,,,ABSENT,leave_3,leave_3
leave_3,248,1240,1245,0,0,218,0.0,0.0,,,,,,,,,,,,1093.556,0.0,,,ABSENT,leave_3,leave_3
leave_3,249,1245,1250,0,0,219,0.0,0.0,,,,,,,,,,,,1098.556,0.0,,,ABSENT,leave_3,leave_3
leave_3,250,1250,1255,0,0,220,0.0,0.0,,,,,,,,,,,,1103.556,0.0,,,ABSENT,leave_3,leave_3
leave_3,251,1255,1260,0,0,221,0.0,0.0,,,,,,,,,,,,1108.556,0.0,,,ABSENT,leave_3,leave_3
leave_3,252,1260,1265,0,0,222,0.0,0.0,,,,,,,,,,,,1113.556,0.0,,,ABSENT,leave_3,leave_3
leave_3,253,1265,1270,0,0,223,0.0,0.0,,,,,,,,,,,,1118.556,0.0,,,ABSENT,leave_3,leave_3
leave_3,254,1270,1275,0,0,224,0.0,0.0,,,,,,,,,,,,1123.556,0.0,,,ABSENT,leave_3,leave_3
leave_3,255,1275,1280,0,0,225,0.0,0.0,,,,,,,,,,,,1128.556,0.0,,,ABSENT,leave_3,leave_3
leave_3,256,1280,1285,0,0,226,0.0,0.0,,,,,,,,,,,,1133.556,0.0,,,ABSENT,leave_3,leave_3
leave_3,257,1285,1290,0,0,227,0.0,0.0,,,,,,,,,,,,1138.556,0.0,,,ABSENT,leave_3,leave_3
leave_3,258,1290,1295,0,0,228,0.0,0.0,,,,,,,,,,,,1143.556,0.0,,,ABSENT,leave_3,leave_3
leave_3,259,1295,1300,0,0,229,0.0,0.0,,,,,,,,,,,,1148.556,0.0,,,ABSENT,leave_3,leave_3
leave_3,260,1300,1305,0,0,230,0.0,0.0,,,,,,,,,,,,1153.556,0.0,,,ABSENT,leave_3,leave_3
leave_3,261,1305,1310,0,0,231,0.0,0.0,,,,,,,,,,,,1158.556,0.0,,,ABSENT,leave_3,leave_3
leave_3,262,1310,1315,9,1,0,9.0,9.0,-44.77777777777778,5.711154344842843,-59.0,-37.0,-44.0,22.0,-8.0,129258.33333333333,364255.77004718356,1159529.0,0.973,0.231,0.21176470588235294,15.953929539295395,,ABSENT,leave_3,leave_3
leave_3,263,1315,1320,10,1,0,19.0,19.0,-42.1,2.913760456866693,-46.0,-36.0,-41.5,10.0,1.0,507.3,291.37091481477694,1268.0,1.037,0.158,0.23529411764705882,18.63170731707317,0.5355555555555568,ABSENT,leave_3,leave_3
leave_3,264,1320,1325,8,1,0,27.0,27.0,-41.75,3.7332961307670196,-48.0,-37.0,-40.5,11.0,-3.0,394.375,133.2027941711434,627.0,0.465,2.003,0.18823529411764706,18.981707317073173,0.30277777777777587,PRESENT,leave_3,leave_3
leave_3,265,1325,1330,9,1,0,27.0,36.0,-53.77777777777778,1.9309052441091963,-57.0,-51.0,-53.0,6.0,-5.0,642.1111111111111,625.1674343627109,2314.0,0.311,1.224,0.21176470588235294,6.953929539295395,-1.1677777777777651,PRESENT,leave_3,leave_3
leave_3,266,1330,1335,8,1,0,25.0,44.0,-55.125,2.8034576865007255,-61.0,-52.0,-55.0,9.0,-1.0,766.125,628.1833803715282,2028.0,0.378,0.095,0.18823529411764706,5.606707317073173,-1.3375000000000457,PRESENT,leave_3,leave_3
leave_3,267,1335,1340,10,1,0,27.0,54.0,-53.4,2.8705400188814645,-60.0,-49.0,-53.0,11.0,4.0,504.0,293.79040147697134,1283.0,1.188,0.055,0.23529411764705882,7.331707317073175,0.03777777777779668,PRESENT,leave_3,leave_3
leave_3,268,1340,1345,10,1,0,28.0,55.0,-57.9,3.9102429592034307,-66.0,-53.0,-58.5,13.0,-4.0,483.0,202.96699239038844,933.0,0.365,0.225,0.23529411764705882,2.8317073170731746,-0.27750000000000347,PRESENT,leave_3,leave_3
leave_3,269,1345,1350,12,1,0,32.0,57.0,-57.0,2.70801280154532,-60.0,-50.0,-57.0,10.0,5.0,425.6666666666667,143.29592535107975,629.0,0.087,0.117,0.2823529411764706,3.731707317073173,-0.3600000000000098,PRESENT,leave_3,leave_3
leave_3,270,1350,1355,10,1,0,32.0,59.0,-55.4,3.6932370625238775,-62.0,-50.0,-55.0,12.0,-2.0,448.7,216.57425978172012,934.0,0.606,0.63,0.23529411764705882,5.331707317073175,0.24999999999998895,PRESENT,leave_3,leave_3
leave_3,271,1355,1360,9,1,0,31.0,59.0,-54.44444444444444,2.832788618662658,-59.0,-52.0,-53.0,7.0,7.0,541.3333333333334,428.85091944766907,1357.0,0.7,0.758,0.21176470588235294,6.28726287262873,0.25555555555554177,PRESENT,leave_3,leave_3
leave_3,272,1360,1365,9,1,0,28.0,60.0,-57.22222222222222,3.6447154370792725,-62.0,-52.0,-57.0,10.0,-1.0,559.0,323.98113799691765,1264.0,0.506,0.727,0.21176470588235294,3.5094850948509517,-0.18222222222220752,PRESENT,leave_3,leave_3
leave_3,273,1365,1370,8,1,0,26.0,58.0,-57.75,2.436698586202241,-61.0,-54.0,-58.0,7.0,3.0,684.5,522.4715303248589,2007.0,1.28,0.251,0.18823529411764706,2.981707317073173,-0.3305555555555809,PRESENT,leave_3,leave_3
leave_3,274,1370,1375,10,1,0,27.0,58.0,-57.6,2.727636339397171,-63.0,-54.0,-57.0,9.0,-7.0,444.7,155.0387370949596,643.0,0.382,0.804,0.23529411764705882,3.1317073170731717,-0.03777777777777737,PRESENT,leave_3,leave_3
leave_3,275,1375,1380,13,1,0,31.0,59.0,-58.76923076923077,3.042110758966952,-64.0,-56.0,-57.0,8.0,1.0,418.9230769230769,285.2193384150471,1361.0,0.557,0.358,0.3058823529411765,1.9624765478424067,-0.10192307692307805,PRESENT,leave_3,leave_3
